from,to,weight
Schumacher,Alesi,3
Berger,Verstappen,6
Barrichello,Morbidelli,1
Blundell,Fittipaldi,4
Hakkinen,Frentzen,10
Brundle,Fittipaldi,5
Brundle,Blundell,3
Lamy,Panis,1
Wendlinger,Martini,2
Barrichello,Martini,1
Katayama,Herbert,3
Katayama,Comas,5
Herbert,Comas,1
Brundle,Martini,1
Lamy,Comas,1
Comas,Lamy,1
Bernard,Brabham,4
Comas,Martini,2
Martini,Comas,1
Katayama,Wendlinger,1
Frentzen,Hill,3
Verstappen,Hill,2
Hill,Verstappen,3
Hill,Frentzen,4
Wendlinger,Suzuki,1
Hill,Fittipaldi,1
Hill,Brundle,4
Hill,Barrichello,4
Comas,Ratzenberger,2
Katayama,Bernard,4
Hill,Morbidelli,1
Comas,Herbert,2
Panis,Bernard,2
De Cesaris,Comas,2
Alboreto,Katayama,1
De Cesaris,Katayama,1
Lehto,Brabham,1
Lehto,Bernard,1
Comas,Brabham,2
Brundle,Berger,2
Beretta,Herbert,1
Frentzen,Morbidelli,2
Katayama,Morbidelli,3
Katayama,Frentzen,4
Fittipaldi,Panis,1
Fittipaldi,Herbert,2
Bernard,Gachot,1
Coulthard,Panis,8
Coulthard,Herbert,5
Brundle,Alesi,1
Bernard,Zanardi,1
Alesi,Irvine,6
Lehto,Zanardi,1
Comas,Zanardi,1
Comas,Lehto,1
Comas,Alboreto,3
Lehto,Alboreto,1
Hill,Berger,3
Barrichello,Coulthard,14
Morbidelli,Irvine,2
Blundell,Martini,4
Zanardi,Brabham,1
Hakkinen,Beretta,1
Blundell,Beretta,1
Morbidelli,Coulthard,1
Comas,Panis,1
Lehto,Martini,1
Katayama,Panis,4
Lehto,Beretta,1
Hakkinen,Barrichello,7
Katayama,Alboreto,3
Blundell,Herbert,4
Beretta,Katayama,1
Katayama,Beretta,1
Lehto,Barrichello,2
Barrichello,Lehto,1
Barrichello,Hakkinen,8
Barrichello,Frentzen,13
Barrichello,Irvine,6
Verstappen,Gounon,1
Verstappen,Brabham,1
Morbidelli,Bernard,2
Herbert,Fittipaldi,2
Katayama,Fittipaldi,2
Martini,Fittipaldi,1
De Cesaris,Fittipaldi,1
Martini,De Cesaris,1
Blundell,De Cesaris,2
Coulthard,Comas,1
Coulthard,Brabham,1
Coulthard,Beretta,1
Coulthard,Bernard,1
Beretta,Bernard,1
Zanardi,Gounon,1
Coulthard,Alboreto,1
Coulthard,Fittipaldi,1
Beretta,Brabham,1
Coulthard,De Cesaris,1
Herbert,De Cesaris,2
Zanardi,Bernard,1
Coulthard,Martini,1
Fittipaldi,Alboreto,2
Panis,Frentzen,8
Blundell,Frentzen,2
Coulthard,Frentzen,8
Blundell,Panis,4
Bernard,Beretta,2
Hakkinen,Verstappen,4
Bernard,Gounon,2
Schumacher,Berger,5
Coulthard,Katayama,1
Coulthard,Hakkinen,4
Panis,Beretta,1
Bernard,Verstappen,1
Brundle,Brabham,1
Brundle,Beretta,2
Brundle,Comas,2
Brundle,Morbidelli,1
Schumacher,Panis,4
Schumacher,Bernard,1
Hill,Gounon,1
Hill,Brabham,1
Herbert,Bernard,1
Alesi,Panis,5
Comas,De Cesaris,1
Frentzen,Irvine,8
Berger,Brundle,4
Brabham,Alliot,1
Fittipaldi,Gounon,1
Herbert,Gounon,1
Herbert,Adams,1
Coulthard,Barrichello,15
Panis,De Cesaris,1
Fittipaldi,Brabham,1
Fittipaldi,Alliot,1
Herbert,Alliot,1
Berger,Irvine,8
Panis,Morbidelli,3
Herbert,Brabham,2
Frentzen,Verstappen,10
Panis,Martini,3
Katayama,De Cesaris,1
Katayama,Martini,5
Brundle,Irvine,3
Alboreto,Bernard,1
Alliot,Brabham,1
Verstappen,Hakkinen,2
Morbidelli,Katayama,3
Hakkinen,Coulthard,3
Irvine,Gounon,1
Herbert,Dalmas,1
Irvine,Brabham,1
Katayama,Hakkinen,2
Barrichello,De Cesaris,1
Irvine,Dalmas,1
Blundell,Lehto,1
Blundell,Brundle,2
Lehto,Brundle,1
Herbert,Alboreto,1
Lehto,De Cesaris,1
Blundell,Gounon,1
Brundle,De Cesaris,1
Blundell,Brabham,1
Katayama,Irvine,1
Blundell,Dalmas,1
Blundell,Alboreto,1
Bernard,Alboreto,2
Blundell,Barrichello,3
Panis,Brabham,1
Katayama,Barrichello,1
Bernard,Comas,1
Morbidelli,De Cesaris,1
Bernard,De Cesaris,2
Gounon,Martini,1
Bernard,Morbidelli,1
Katayama,Adams,1
Brabham,Dalmas,1
Katayama,Gounon,1
Dalmas,Brabham,1
Katayama,Dalmas,1
Panis,Blundell,1
Hill,Coulthard,2
Verstappen,Fittipaldi,1
Bernard,Herbert,1
Martini,Dalmas,1
Martini,Alboreto,1
Irvine,Panis,8
Lehto,Panis,1
Irvine,Fittipaldi,1
Mansell,Berger,1
Mansell,Barrichello,3
Katayama,Schiattarella,1
Katayama,Brabham,1
Barrichello,Mansell,2
Katayama,Zanardi,1
Mansell,Zanardi,1
Mansell,Martini,1
Mansell,Alboreto,1
Mansell,Comas,1
Panis,Alesi,4
Mansell,De Cesaris,1
Barrichello,Blundell,1
Salo,Lagorce,3
Salo,Comas,1
Comas,Lagorce,1
Zanardi,Katayama,1
Brabham,Noda,1
Fittipaldi,Martini,1
Morbidelli,Martini,1
Fittipaldi,Lehto,1
Berger,Frentzen,5
Mansell,Hakkinen,1
Hakkinen,Mansell,1
Blundell,Salo,2
Alesi,Hakkinen,2
Alesi,Barrichello,5
Salo,Lehto,1
Alesi,Frentzen,7
Salo,Katayama,3
Gachot,Moreno,2
Suzuki,Barrichello,1
Morbidelli,Barrichello,1
Morbidelli,Blundell,2
Suzuki,Frentzen,1
Gachot,Montermini,1
Schiattarella,Diniz,1
Badoer,Inoue,2
Schiattarella,Moreno,2
Moreno,Schiattarella,1
Gachot,Inoue,1
Alesi,Wendlinger,1
Hill,Hakkinen,3
Herbert,Morbidelli,1
Herbert,Blundell,1
Salo,Alesi,4
Hakkinen,Alesi,3
Morbidelli,Salo,5
Morbidelli,Schiattarella,2
Barrichello,Inoue,1
Panis,Schiattarella,1
Barrichello,Moreno,1
Inoue,Moreno,2
Herbert,Katayama,1
Alesi,Salo,4
Blundell,Katayama,1
Berger,Suzuki,2
Verstappen,Katayama,4
Berger,Katayama,5
Suzuki,Schiattarella,2
Suzuki,Moreno,1
Hill,Schumacher,4
Inoue,Diniz,2
Coulthard,Schumacher,3
Herbert,Frentzen,6
Moreno,Diniz,5
Barrichello,Katayama,1
Salo,Morbidelli,2
Berger,Martini,1
Panis,Katayama,3
Diniz,Moreno,3
Katayama,Salo,4
Verstappen,Salo,2
Verstappen,Herbert,2
Mansell,Herbert,1
Martini,Suzuki,1
Moreno,Montermini,1
Moreno,Inoue,1
Diniz,Montermini,2
Diniz,Inoue,1
Schiattarella,Suzuki,1
Montermini,Diniz,4
Verstappen,Frentzen,6
Montermini,Moreno,2
Wendlinger,Inoue,2
Panis,Gachot,1
Badoer,Moreno,2
Badoer,Diniz,4
Morbidelli,Inoue,2
Wendlinger,Diniz,2
Salo,Barrichello,2
Wendlinger,Moreno,2
Morbidelli,Diniz,2
Morbidelli,Moreno,2
Herbert,Suzuki,1
Herbert,Schiattarella,1
Suzuki,Gachot,1
Irvine,Frentzen,7
Hakkinen,Irvine,7
Panis,Mansell,1
Mansell,Panis,1
Inoue,Badoer,1
Coulthard,Irvine,5
Mansell,Katayama,1
Inoue,Martini,1
Morbidelli,Wendlinger,1
Brundle,Verstappen,2
Katayama,Inoue,1
Herbert,Hakkinen,1
Brundle,Salo,1
Morbidelli,Verstappen,2
Salo,Montermini,1
Salo,Gachot,1
Salo,Moreno,1
Montermini,Gachot,1
Barrichello,Salo,8
Panis,Salo,12
Alesi,Berger,3
Martini,Katayama,1
Gachot,Diniz,1
Alesi,Hill,6
Salo,Inoue,2
Berger,Hill,4
Martini,Moreno,1
Martini,Gachot,1
Badoer,Salo,1
Boullion,Badoer,4
Boullion,Salo,1
Berger,Morbidelli,2
Berger,Badoer,2
Badoer,Gachot,1
Boullion,Martini,1
Salo,Martini,1
Panis,Boullion,1
Salo,Badoer,3
Suzuki,Katayama,2
Alesi,Herbert,7
Boullion,Katayama,1
Panis,Herbert,6
Alesi,Blundell,1
Suzuki,Badoer,1
Berger,Boullion,1
Blundell,Irvine,1
Herbert,Irvine,6
Berger,Herbert,3
Boullion,Irvine,1
Boullion,Diniz,2
Schumacher,Coulthard,8
Boullion,Papis,2
Schumacher,Frentzen,2
Schumacher,Barrichello,13
Schumacher,Brundle,2
Coulthard,Berger,1
Papis,Inoue,1
Katayama,Boullion,1
Schumacher,Irvine,3
Barrichello,Badoer,6
Schumacher,Hill,4
Katayama,Blundell,2
Barrichello,Lamy,2
Salo,Blundell,1
Frentzen,Herbert,6
Barrichello,Herbert,10
Frentzen,Blundell,2
Irvine,Brundle,1
Badoer,Papis,1
Salo,Diniz,8
Salo,Boullion,1
Hakkinen,Herbert,2
Salo,Lavaggi,1
Inoue,Lavaggi,1
Boullion,Lavaggi,1
Salo,Papis,2
Frentzen,Brundle,3
Irvine,Berger,5
Blundell,Berger,1
Boullion,Inoue,1
Frentzen,Boullion,1
Montermini,Deletraz,1
Montermini,Badoer,2
Badoer,Deletraz,1
Hakkinen,Blundell,1
Moreno,Deletraz,1
Montermini,Inoue,1
Frentzen,Barrichello,3
Frentzen,Hakkinen,4
Badoer,Hakkinen,2
Montermini,Hakkinen,1
Badoer,Blundell,1
Montermini,Blundell,1
Papis,Blundell,1
Montermini,Papis,1
Diniz,Blundell,1
Papis,Hakkinen,1
Deletraz,Blundell,1
Tarquini,Hakkinen,1
Diniz,Hakkinen,1
Salo,Panis,6
Blundell,Deletraz,1
Frentzen,Badoer,2
Papis,Montermini,1
Blundell,Diniz,1
Blundell,Hakkinen,1
Hakkinen,Diniz,3
Frentzen,Lamy,1
Brundle,Badoer,1
Deletraz,Diniz,1
Diniz,Deletraz,1
Lamy,Boullion,1
Badoer,Boullion,1
Berger,Coulthard,2
Hakkinen,Boullion,1
Hakkinen,Badoer,2
Herbert,Badoer,4
Herbert,Lamy,3
Tarquini,Deletraz,2
Panis,Suzuki,1
Morbidelli,Montermini,1
Barrichello,Magnussen,2
Magnussen,Barrichello,1
Magnussen,Lamy,1
Hill,Irvine,1
Berger,Alesi,3
Blundell,Inoue,1
Wendlinger,Gachot,1
Wendlinger,Montermini,1
Berger,Lamy,4
Alesi,Katayama,1
Alesi,Lamy,1
Alesi,Badoer,2
Panis,Wendlinger,1
Panis,Inoue,1
Panis,Montermini,1
Berger,Salo,7
Lamy,Inoue,1
Blundell,Lamy,1
Blundell,Badoer,1
Wendlinger,Lamy,1
Lamy,Katayama,2
Katayama,Fisichella,2
Coulthard,Lamy,2
Rosset,Lamy,2
Salo,Frentzen,2
Diniz,Fisichella,3
Villeneuve,Hill,2
Hill,Villeneuve,2
Verstappen,Brundle,3
Salo,Berger,2
Herbert,Montermini,1
Panis,Badoer,3
Diniz,Badoer,2
Hakkinen,Berger,1
Barrichello,Alesi,9
Katayama,Montermini,1
Hakkinen,Salo,5
Lamy,Montermini,1
Katayama,Badoer,1
Panis,Rosset,4
Badoer,Montermini,1
Panis,Irvine,7
Diniz,Lamy,1
Salo,Hakkinen,2
Katayama,Lamy,2
Barrichello,Schumacher,5
Lamy,Badoer,1
Villeneuve,Hakkinen,3
Villeneuve,Verstappen,8
Rosset,Montermini,1
Villeneuve,Barrichello,4
Marques,Panis,1
Rosset,Badoer,1
Villeneuve,Coulthard,8
Rosset,Salo,1
Katayama,Brundle,1
Herbert,Brundle,1
Marques,Rosset,1
Verstappen,Irvine,10
Panis,Lamy,3
Brundle,Marques,1
Alesi,Schumacher,1
Irvine,Coulthard,2
Verstappen,Panis,3
Verstappen,Coulthard,3
Alesi,Verstappen,2
Salo,Lamy,1
Hill,Herbert,4
Berger,Rosset,2
Herbert,Salo,1
Katayama,Rosset,2
Villeneuve,Panis,5
Panis,Brundle,1
Panis,Hakkinen,1
Hill,Alesi,3
Verstappen,Diniz,4
Schumacher,Villeneuve,8
Schumacher,Fisichella,7
Herbert,Panis,4
Schumacher,Diniz,1
Berger,Hakkinen,4
Brundle,Hakkinen,1
Panis,Verstappen,8
Panis,Schumacher,1
Brundle,Herbert,2
Irvine,Herbert,4
Salo,Rosset,1
Villeneuve,Alesi,8
Panis,Barrichello,2
Panis,Coulthard,2
Diniz,Katayama,1
Panis,Diniz,4
Rosset,Fisichella,1
Brundle,Frentzen,1
Panis,Fisichella,8
Herbert,Diniz,5
Irvine,Diniz,8
Coulthard,Brundle,1
Villeneuve,Schumacher,2
Brundle,Lamy,1
Brundle,Rosset,1
Lamy,Lavaggi,1
Alesi,Villeneuve,8
Hill,Lamy,1
Hill,Diniz,4
Rosset,Diniz,1
Hill,Katayama,3
Berger,Diniz,4
Hill,Salo,3
Lavaggi,Lamy,1
Hakkinen,Lamy,1
Irvine,Villeneuve,6
Hakkinen,Rosset,1
Diniz,Verstappen,2
Diniz,Herbert,1
Coulthard,Rosset,2
Coulthard,Salo,2
Villeneuve,Irvine,10
Villeneuve,Berger,1
Coulthard,Verstappen,5
Magnussen,Katayama,2
Barrichello,Fisichella,11
Katayama,Trulli,2
Katayama,Nakano,1
Irvine,Trulli,3
Diniz,Trulli,2
Larini,Trulli,3
Nakano,Trulli,4
Diniz,Irvine,2
Berger,M.Schumacher,1
Larini,Irvine,1
Larini,Diniz,1
Herbert,Verstappen,2
Herbert,Trulli,5
Coulthard,Trulli,18
Herbert,Nakano,4
Coulthard,Nakano,3
R.Schumacher,Nakano,3
R.Schumacher,Trulli,14
Fisichella,Larini,1
Fisichella,Trulli,5
Fisichella,Nakano,1
Hakkinen,Hill,2
Larini,Nakano,2
M.Schumacher,Hill,5
Fisichella,Coulthard,9
Fisichella,Hill,2
Irvine,Nakano,4
Nakano,Irvine,1
Coulthard,Hill,4
Fisichella,Frentzen,4
Barrichello,Larini,1
Barrichello,Nakano,3
R.Schumacher,Herbert,5
R.Schumacher,Hill,2
Herbert,Hill,3
Barrichello,Berger,1
Magnussen,Larini,1
Magnussen,Nakano,2
Barrichello,Trulli,34
Herbert,R.Schumacher,2
Berger,Trulli,1
Salo,Trulli,4
Magnussen,Trulli,4
Magnussen,Salo,2
Larini,Katayama,2
Trulli,Katayama,1
Nakano,Katayama,2
Larini,Salo,2
Alesi,Diniz,7
Larini,Barrichello,1
Fisichella,Panis,4
Fisichella,Irvine,7
Magnussen,Verstappen,2
Irvine,Alesi,2
Salo,Villeneuve,2
Berger,Villeneuve,1
Magnussen,Villeneuve,1
Verstappen,Villeneuve,5
R.Schumacher,Fisichella,10
Frentzen,Trulli,4
Frentzen,Nakano,2
Frentzen,Katayama,2
Villeneuve,Nakano,1
Irvine,Fisichella,4
Magnussen,Fisichella,1
R.Schumacher,Diniz,4
R.Schumacher,Katayama,2
R.Schumacher,Morbidelli,1
R.Schumacher,Barrichello,6
R.Schumacher,Verstappen,7
Irvine,Salo,4
Fisichella,Berger,1
Magnussen,Diniz,3
Coulthard,M.Schumacher,6
Morbidelli,Trulli,2
M.Schumacher,Hakkinen,8
Barrichello,Verstappen,7
Irvine,Verstappen,1
Herbert,Coulthard,2
Frentzen,Fisichella,7
Wurz,Barrichello,1
R.Schumacher,Frentzen,8
Panis,Nakano,3
Panis,Trulli,11
Verstappen,Barrichello,2
Herbert,Barrichello,5
Frentzen,Diniz,3
Panis,Hill,2
Frentzen,Wurz,2
Katayama,Fontana,1
Wurz,Fisichella,4
Villeneuve,R.Schumacher,2
R.Schumacher,Villeneuve,15
Fisichella,Wurz,5
Fontana,Salo,3
Fisichella,Alesi,5
Hill,Marques,1
Magnussen,Marques,1
Trulli,Marques,1
Fontana,Marques,1
Barrichello,Marques,1
Nakano,Fisichella,2
Nakano,Salo,1
Diniz,Magnussen,2
Katayama,Verstappen,2
Magnussen,Hill,1
Magnussen,Fontana,1
Hill,Fontana,1
Berger,Fisichella,1
Hill,M.Schumacher,1
Irvine,Marques,1
Villeneuve,M.Schumacher,2
Irvine,Katayama,1
Trulli,Alesi,2
R.Schumacher,Alesi,4
Magnussen,Irvine,1
Marques,Verstappen,1
M.Schumacher,Villeneuve,6
M.Schumacher,Alesi,5
Magnussen,Berger,1
Marques,Katayama,2
Marques,Salo,1
Coulthard,Diniz,2
Magnussen,Morbidelli,2
Marques,Irvine,1
Diniz,Frentzen,1
Verstappen,Marques,1
Villeneuve,Katayama,1
Alesi,Marques,1
Irvine,R.Schumacher,3
Diniz,Coulthard,1
Alesi,Fisichella,8
Alesi,Magnussen,2
Frentzen,Berger,1
Villeneuve,Diniz,1
Salo,Irvine,5
Diniz,Hill,1
Irvine,Hill,3
Salo,Hill,1
Frentzen,Coulthard,2
R.Schumacher,Marques,1
Morbidelli,Magnussen,1
Katayama,Marques,1
Hakkinen,Nakano,1
Hakkinen,Trulli,4
Diniz,Morbidelli,1
Salo,Verstappen,2
Irvine,Morbidelli,1
M.Schumacher,Frentzen,3
Diniz,Nakano,1
Magnussen,Herbert,1
Berger,Panis,1
Frentzen,Panis,4
Irvine,M.Schumacher,1
Irvine,Hakkinen,4
Nakano,Diniz,1
Panis,R.Schumacher,2
Nakano,Marques,1
Alesi,R.Schumacher,5
Fontana,Katayama,1
Fontana,Verstappen,1
Coulthard,Villeneuve,8
Hakkinen,Villeneuve,4
Tuero,Rosset,1
Wurz,Herbert,2
Tuero,Diniz,2
M.Schumacher,Irvine,5
Hill,Trulli,2
M.Schumacher,Fisichella,4
Magnussen,Tuero,2
Villeneuve,Herbert,3
Wurz,Frentzen,1
Villeneuve,Frentzen,4
Panis,Takagi,4
R.Schumacher,Rosset,1
Wurz,Irvine,1
Coulthard,Fisichella,12
Diniz,Tuero,2
Hill,Nakano,1
Hill,Rosset,1
Hill,Tuero,1
Alesi,Tuero,1
Alesi,Nakano,1
R.Schumacher,Magnussen,1
Frentzen,Takagi,1
Frentzen,Magnussen,1
Frentzen,Alesi,3
Frentzen,R.Schumacher,4
M.Schumacher,Wurz,3
M.Schumacher,Takagi,2
Barrichello,Villeneuve,8
Herbert,Rosset,2
Barrichello,Hill,2
Wurz,Nakano,2
Takagi,Rosset,3
Salo,Nakano,1
Fisichella,Barrichello,5
Trulli,Tuero,2
Takagi,Salo,3
Takagi,Diniz,2
Coulthard,Alesi,5
Coulthard,Wurz,5
Irvine,Wurz,3
Rosset,Verstappen,1
Takagi,Trulli,1
Rosset,Trulli,1
Frentzen,Villeneuve,3
R.Schumacher,Salo,1
Nakano,Tuero,3
Barrichello,Tuero,2
Verstappen,Trulli,2
Diniz,Salo,2
Trulli,Rosset,1
Verstappen,Rosset,1
Barrichello,Takagi,5
Barrichello,Rosset,1
Trulli,Takagi,1
Fisichella,M.Schumacher,1
Coulthard,R.Schumacher,4
Wurz,Rosset,1
M.Schumacher,Tuero,1
M.Schumacher,Nakano,1
M.Schumacher,Herbert,1
Wurz,Verstappen,3
M.Schumacher,Trulli,4
Villeneuve,Trulli,7
M.Schumacher,R.Schumacher,4
Wurz,Salo,2
Wurz,Trulli,2
Panis,Tuero,1
Alesi,Trulli,4
Salo,Takagi,1
Takagi,Tuero,2
Coulthard,Tuero,1
Trulli,Nakano,1
Fisichella,Diniz,1
Salo,Tuero,1
Hill,Fisichella,2
Hill,Wurz,1
Rosset,Tuero,1
Hill,R.Schumacher,1
R.Schumacher,Hakkinen,3
M.Schumacher,Panis,4
Verstappen,Takagi,1
Herbert,Tuero,1
Herbert,Takagi,1
Nakano,Takagi,1
Trulli,Villeneuve,5
Wurz,Zanardi,1
M.Schumacher,Zanardi,1
Barrichello,Panis,7
Barrichello,Zanardi,3
Panis,Zanardi,1
Barrichello,Gene,1
De La Rosa,Badoer,1
Takagi,Badoer,4
M.Schumacher,Badoer,1
Wurz,Badoer,1
Barrichello,Wurz,2
M.Schumacher,De La Rosa,1
Zanardi,Badoer,3
Barrichello,De La Rosa,7
Trulli,R.Schumacher,4
Trulli,Fisichella,5
Diniz,De La Rosa,2
Wurz,Takagi,2
Zonta,Takagi,3
Zonta,Panis,2
Zanardi,Gene,5
Barrichello,Diniz,2
Wurz,De La Rosa,2
Zonta,De La Rosa,4
Takagi,Panis,1
Barrichello,Zonta,3
Fisichella,De La Rosa,2
Fisichella,Badoer,2
Fisichella,Takagi,2
Zanardi,Sarrazin,1
De La Rosa,Sarrazin,1
Gene,Sarrazin,1
Takagi,Sarrazin,1
Villeneuve,Sarrazin,1
Villeneuve,De La Rosa,7
Villeneuve,Gene,3
Villeneuve,Takagi,1
Alesi,Gene,3
Alesi,Takagi,3
Alesi,De La Rosa,8
Zanardi,De La Rosa,1
Zanardi,Villeneuve,1
Zanardi,Takagi,3
Sarrazin,Takagi,1
Zanardi,Diniz,1
Sarrazin,Gene,1
Panis,Gene,3
Panis,Sarrazin,1
Panis,Villeneuve,5
Panis,De La Rosa,3
Gene,Takagi,2
Diniz,Zanardi,1
R.Schumacher,De La Rosa,2
R.Schumacher,Gene,2
Salo,Wurz,2
Zanardi,Fisichella,1
Irvine,Barrichello,1
Zanardi,Panis,1
Irvine,Takagi,2
Irvine,Zanardi,2
Hakkinen,Fisichella,3
Zanardi,Zonta,1
Gene,Badoer,1
Badoer,Gene,2
Hakkinen,Panis,3
R.Schumacher,Wurz,1
Hakkinen,M.Schumacher,3
Irvine,Zonta,5
Zonta,Zanardi,2
Gene,De La Rosa,1
Irvine,Badoer,1
Irvine,De La Rosa,2
Badoer,De La Rosa,2
M.Schumacher,Barrichello,3
R.Schumacher,Panis,6
R.Schumacher,M.Schumacher,2
Zonta,Wurz,3
Hakkinen,Takagi,2
Hakkinen,Gene,4
Zonta,Trulli,3
Hakkinen,Zanardi,1
Hakkinen,De La Rosa,2
Diniz,Villeneuve,1
Alesi,Wurz,11
Hakkinen,Wurz,2
Alesi,Zonta,3
Hakkinen,Zonta,2
Wurz,Zonta,3
Trulli,Zonta,5
Hill,Zonta,1
Herbert,Wurz,2
De La Rosa,Zanardi,1
Badoer,Zanardi,1
Panis,Wurz,4
Trulli,Wurz,3
Fisichella,Herbert,1
Hakkinen,R.Schumacher,3
Diniz,Wurz,2
Trulli,Panis,2
Wurz,Panis,1
Herbert,Zonta,2
R.Schumacher,Zanardi,1
Salo,Zanardi,1
R.Schumacher,Coulthard,5
Irvine,Gene,2
Trulli,Irvine,2
Trulli,Barrichello,9
Zonta,Hakkinen,1
Badoer,Villeneuve,1
Diniz,Panis,1
Diniz,Gene,2
De La Rosa,Fisichella,3
Alesi,Mazzacane,4
De La Rosa,Irvine,6
Wurz,Button,3
Alesi,Heidfeld,7
Salo,Zonta,4
Zonta,Salo,2
Alesi,Button,4
De La Rosa,Heidfeld,3
Trulli,Frentzen,4
Verstappen,Zonta,2
Button,Villeneuve,3
Verstappen,Fisichella,6
De La Rosa,Herbert,1
De La Rosa,Button,4
Zonta,Mazzacane,5
Button,Verstappen,2
De La Rosa,Diniz,2
Wurz,Diniz,2
Button,Frentzen,6
Trulli,Heidfeld,8
Barrichello,R.Schumacher,10
Barrichello,M.Schumacher,2
Trulli,Herbert,1
De La Rosa,Verstappen,1
Gene,Salo,1
Fisichella,R.Schumacher,3
De La Rosa,R.Schumacher,1
Fisichella,Villeneuve,6
Button,Wurz,3
R.Schumacher,Irvine,2
M.Schumacher,Button,3
Coulthard,Button,9
Hakkinen,Button,2
Fisichella,Button,12
Diniz,Mazzacane,4
Button,Zonta,3
Wurz,Alesi,2
Diniz,Zonta,2
Verstappen,Heidfeld,3
De La Rosa,Frentzen,1
De La Rosa,Salo,3
Verstappen,R.Schumacher,4
Verstappen,Wurz,4
Fisichella,Heidfeld,13
Button,Irvine,2
Heidfeld,Fisichella,8
Button,Salo,4
Fisichella,Mazzacane,1
Irvine,Mazzacane,2
Irvine,Heidfeld,3
Barrichello,Button,14
Frentzen,Button,3
Heidfeld,Mazzacane,2
Villeneuve,Mazzacane,3
Burti,Mazzacane,2
R.Schumacher,Mazzacane,3
Zonta,Burti,1
Diniz,Burti,1
Verstappen,Mazzacane,2
Heidfeld,Wurz,1
Villeneuve,Wurz,2
Diniz,Alesi,1
Zonta,Alesi,1
Frentzen,Salo,2
Frentzen,Heidfeld,7
Frentzen,Zonta,1
R.Schumacher,Zonta,1
Diniz,Heidfeld,2
Salo,Heidfeld,1
Heidfeld,Verstappen,3
R.Schumacher,Heidfeld,10
Button,Mazzacane,3
De La Rosa,Trulli,4
Salo,De La Rosa,4
Salo,Button,4
Button,De La Rosa,8
Irvine,Button,5
Herbert,Fisichella,1
Villeneuve,Fisichella,6
Villeneuve,Zonta,1
Trulli,Button,13
Gene,Diniz,1
Mazzacane,Diniz,1
Button,Trulli,14
R.Schumacher,Button,9
Wurz,Mazzacane,2
Wurz,Gene,1
Zonta,Diniz,3
Zonta,Heidfeld,1
Zonta,Gene,2
Zonta,R.Schumacher,1
Zonta,Fisichella,1
Salo,Mazzacane,2
Zonta,Verstappen,1
Salo,Gene,1
Gene,Fisichella,1
De La Rosa,Wurz,1
Button,Alesi,2
M.Schumacher,Coulthard,3
Button,Heidfeld,8
De La Rosa,Zonta,1
Button,Barrichello,17
Button,Herbert,1
Herbert,Villeneuve,1
Coulthard,Gene,1
Coulthard,Zonta,2
Heidfeld,Alesi,2
Coulthard,De La Rosa,2
Button,R.Schumacher,2
Heidfeld,Trulli,12
Zonta,Herbert,1
Zonta,Button,1
Verstappen,Gene,1
Trulli,Mazzacane,3
Salo,Herbert,2
Gene,R.Schumacher,1
Hakkinen,Mazzacane,1
Verstappen,Button,11
Fisichella,Zonta,2
Bernoldi,Burti,1
Panis,Heidfeld,6
Irvine,Marquez,2
Montoya,Fisichella,4
Raikkonen,Alesi,1
Burti,Alesi,2
Irvine,Alonso,1
Raikkonen,Button,24
Raikkonen,Fisichella,11
Montoya,Trulli,10
Verstappen,Alesi,2
R.Schumacher,Alonso,2
Bernoldi,Button,4
R.Schumacher,Marquez,1
Montoya,Irvine,2
Barrichello,Mazzacane,1
M.Schumacher,Mazzacane,1
Button,Marquez,5
M.Schumacher,Verstappen,1
R.Schumacher,Burti,1
Marquez,Button,2
Fisichella,Marquez,1
Alesi,Marquez,3
Burti,Marquez,2
Alonso,Marquez,2
Montoya,M.Schumacher,4
Mazzacane,Button,1
Alonso,Button,29
Panis,Raikkonen,2
Villeneuve,Button,8
Villeneuve,Alonso,2
Villeneuve,Marquez,1
Burti,Verstappen,1
Heidfeld,Irvine,2
Verstappen,Burti,2
Mazzacane,Marquez,1
Bernoldi,Fisichella,2
De La Rosa,Alonso,3
Frentzen,Alonso,1
Coulthard,Marquez,2
Coulthard,Heidfeld,5
Raikkonen,Irvine,3
Bernoldi,Irvine,5
Bernoldi,Villeneuve,2
Villeneuve,Burti,1
Alesi,Burti,2
M.Schumacher,Raikkonen,1
Montoya,Panis,4
Heidfeld,Button,4
Coulthard,Burti,1
Verstappen,Marquez,3
Verstappen,Alonso,15
Coulthard,Alonso,2
Bernoldi,Marquez,2
Hakkinen,Raikkonen,1
Irvine,Raikkonen,1
Burti,Button,1
Button,Fisichella,10
Panis,Burti,1
Burti,Fisichella,1
Heidfeld,Frentzen,1
Panis,Button,2
Panis,Zonta,1
Button,Bernoldi,1
Button,Alonso,26
Montoya,R.Schumacher,9
Panis,Bernoldi,1
Fisichella,Yoong,1
Verstappen,De La Rosa,1
Raikkonen,De La Rosa,2
Heidfeld,Enge,1
Fisichella,Enge,1
Villeneuve,Bernoldi,3
Alonso,Irvine,1
Enge,Irvine,1
Barrichello,Montoya,8
Alesi,Raikkonen,1
Hakkinen,Bernoldi,1
Raikkonen,Verstappen,6
Enge,Bernoldi,1
Heidfeld,R.Schumacher,4
Montoya,Barrichello,6
Bernoldi,Yoong,1
Panis,Alonso,1
Frentzen,Yoong,5
Frentzen,Enge,1
Bernoldi,Verstappen,1
M.Schumacher,Montoya,4
Raikkonen,Villeneuve,5
Raikkonen,Yoong,1
Villeneuve,Yoong,4
Sato,De La Rosa,3
Raikkonen,Webber,10
Villeneuve,Webber,3
Raikkonen,Sato,2
Salo,Yoong,2
Salo,Fisichella,1
McNish,Massa,1
Montoya,Salo,2
McNish,Bernoldi,1
Montoya,Button,9
McNish,Trulli,2
M.Schumacher,Webber,1
M.Schumacher,Yoong,1
Heidfeld,Coulthard,4
M.Schumacher,Massa,1
Montoya,McNish,1
M.Schumacher,Bernoldi,2
Bernoldi,M.Schumacher,1
Montoya,Heidfeld,7
De La Rosa,Webber,2
M.Schumacher,Heidfeld,1
Bernoldi,Panis,3
Sato,Panis,5
Panis,Sato,1
Frentzen,De La Rosa,1
Sato,Irvine,3
Salo,Massa,2
Montoya,Yoong,1
Villeneuve,Massa,3
Massa,Villeneuve,4
Frentzen,Massa,1
Montoya,Webber,7
Montoya,De La Rosa,1
McNish,Yoong,1
Frentzen,Sato,2
Bernoldi,Salo,2
Heidfeld,Salo,1
Massa,Trulli,18
Villeneuve,Sato,3
Frentzen,Webber,2
Webber,Yoong,3
Villeneuve,McNish,2
Villeneuve,Salo,2
Button,Yoong,1
Sato,Salo,1
Fisichella,Salo,1
Bernoldi,Massa,1
Barrichello,Webber,12
Webber,Panis,3
Sato,Massa,3
Sato,Villeneuve,4
Massa,Panis,6
Montoya,Raikkonen,7
Sato,Yoong,3
Massa,Salo,1
Trulli,McNish,1
Frentzen,Bernoldi,2
Trulli,Massa,5
Bernoldi,Frentzen,1
McNish,Irvine,1
Frentzen,McNish,1
Bernoldi,De La Rosa,1
Raikkonen,R.Schumacher,3
Barrichello,Bernoldi,1
Barrichello,Heidfeld,9
Webber,Fisichella,12
Bernoldi,Heidfeld,1
Massa,De La Rosa,7
Montoya,Coulthard,5
Trulli,Coulthard,6
Bernoldi,Coulthard,1
Massa,Irvine,1
Raikkonen,Trulli,10
Heidfeld,Panis,3
Massa,Bernoldi,1
Sato,Trulli,6
De La Rosa,Yoong,2
Irvine,McNish,2
Webber,Salo,1
Massa,Button,25
Bernoldi,McNish,1
Sato,Button,6
McNish,Button,1
Webber,Button,21
Massa,Fisichella,5
Salo,Webber,1
Heidfeld,Massa,2
Raikkonen,Montoya,2
Montoya,Davidson,1
Massa,Heidfeld,8
Massa,McNish,1
Heidfeld,Villeneuve,1
Button,Massa,26
Yoong,Webber,1
De La Rosa,Massa,1
Coulthard,Sato,6
Coulthard,Yoong,1
Salo,McNish,1
Sato,Frentzen,1
Webber,Irvine,1
Villeneuve,Raikkonen,1
Panis,McNish,1
Irvine,Webber,1
Webber,Sato,3
Sato,Webber,5
Wilson,Panis,1
Raikkonen,Pizzonia,2
Alonso,Villeneuve,8
Panis,Wilson,2
Alonso,Heidfeld,11
R.Schumacher,Wilson,7
Webber,Wilson,3
Alonso,Frentzen,2
Firman,Wilson,3
Raikkonen,Wilson,2
Fisichella,Pizzonia,1
Webber,Heidfeld,9
Firman,Heidfeld,1
Raikkonen,Heidfeld,10
Fisichella,Wilson,1
Pizzonia,Wilson,2
Da Matta,Wilson,2
Pizzonia,Heidfeld,2
Da Matta,Heidfeld,2
Coulthard,Wilson,1
Schumacher,Webber,9
Button,Panis,1
Wilson,Heidfeld,1
Wilson,Pizzonia,1
Alonso,Pizzonia,2
R.Schumacher,Pizzonia,1
Villeneuve,Pizzonia,1
Alonso,Trulli,14
Schumacher,Firman,2
Trulli,Firman,3
Trulli,Wilson,2
Trulli,Webber,2
Panis,Firman,2
Montoya,Verstappen,1
Firman,Trulli,2
Schumacher,Button,16
Schumacher,Trulli,16
Frentzen,Firman,2
Montoya,Schumacher,5
Wilson,Da Matta,1
Raikkonen,Barrichello,4
Pizzonia,Verstappen,2
Raikkonen,Coulthard,10
Webber,Barrichello,14
Schumacher,R.Schumacher,3
Pizzonia,Frentzen,1
Coulthard,Montoya,1
Schumacher,Montoya,2
Barrichello,Da Matta,2
Webber,Frentzen,3
Montoya,Da Matta,1
Alonso,Fisichella,9
R.Schumacher,Webber,7
Alonso,Verstappen,1
Da Matta,Frentzen,1
Frentzen,Da Matta,1
Webber,Villeneuve,1
Da Matta,Villeneuve,2
Raikkonen,Alonso,20
Villeneuve,Da Matta,1
Alonso,R.Schumacher,5
Fisichella,Raikkonen,1
Fisichella,Da Matta,2
Coulthard,Firman,1
Webber,Verstappen,1
Firman,Fisichella,1
Verstappen,Wilson,2
Button,Wilson,3
Firman,Coulthard,1
Webber,Alonso,22
Firman,Pizzonia,1
Webber,Pizzonia,1
Webber,Trulli,8
Pizzonia,Da Matta,1
Webber,Firman,2
Schumacher,Raikkonen,7
Villeneuve,Heidfeld,1
Pizzonia,Fisichella,2
Barrichello,Firman,3
Montoya,Alonso,4
Coulthard,Da Matta,3
Heidfeld,Wilson,3
Webber,Coulthard,8
Villeneuve,Wilson,2
Wilson,Verstappen,2
Panis,Webber,1
Barrichello,Wilson,1
Wilson,Firman,1
Frentzen,Wilson,2
Firman,Verstappen,2
Da Matta,Verstappen,2
Barrichello,Raikkonen,5
Montoya,Villeneuve,3
Montoya,Pizzonia,1
Raikkonen,Panis,1
Montoya,Firman,1
Pizzonia,Villeneuve,2
Pizzonia,Webber,2
Button,Schumacher,13
Pizzonia,Firman,1
Alonso,Firman,1
Coulthard,Webber,7
Da Matta,Webber,1
R.Schumacher,Baumgartner,2
Button,Baumgartner,1
Kiesa,Baumgartner,1
Baumgartner,Kiesa,1
Wilson,Fisichella,1
Wilson,Baumgartner,1
Fisichella,Baumgartner,3
Da Matta,Kiesa,1
R.Schumacher,Schumacher,1
Gene,Panis,2
Frentzen,Baumgartner,1
Frentzen,Kiesa,1
Heidfeld,Baumgartner,3
Alonso,Coulthard,6
Wilson,Frentzen,1
Alonso,Schumacher,11
Panis,Kiesa,1
Wilson,Button,1
Button,Coulthard,6
Wilson,Coulthard,1
Schumacher,Wilson,2
Schumacher,Alonso,6
Alonso,Wilson,1
Da Matta,Coulthard,1
Heidfeld,Alonso,8
Raikkonen,Frentzen,1
Sato,Wilson,1
R.Schumacher,Kiesa,1
R.Schumacher,Firman,1
Schumacher,Verstappen,1
Da Matta,Firman,1
Schumacher,Heidfeld,7
Bruni,Pantano,1
Klien,Pantano,3
Klien,Bruni,1
Massa,Raikkonen,14
Panis,Pantano,2
Massa,Sato,8
Heidfeld,Sato,3
Da Matta,Sato,1
Klien,Sato,2
Panis,Bruni,4
Bruni,Fisichella,1
Baumgartner,Fisichella,1
Webber,R.Schumacher,4
Fisichella,Bruni,2
Alonso,Webber,17
Sato,Bruni,1
Webber,Baumgartner,2
Webber,Bruni,1
Da Matta,Panis,1
Klien,Raikkonen,2
Raikkonen,Klien,3
Trulli,Sato,3
Klien,Massa,3
Sato,Heidfeld,4
Button,Sato,4
Alonso,Massa,17
R.Schumacher,Massa,4
R.Schumacher,Da Matta,1
Sato,Coulthard,2
Button,Montoya,5
Coulthard,Baumgartner,4
Coulthard,Klien,3
Massa,Webber,16
Button,Da Matta,3
Alonso,Pantano,2
Montoya,Massa,4
Button,Klien,4
R.Schumacher,Bruni,1
Massa,Baumgartner,3
Massa,Bruni,3
Montoya,Baumgartner,2
Montoya,Bruni,1
Heidfeld,Klien,2
Montoya,Klien,2
Massa,Klien,6
Sato,Barrichello,4
Sato,Klien,2
Sato,Baumgartner,1
Fisichella,Glock,5
Coulthard,Glock,3
Bruni,Baumgartner,2
Massa,Da Matta,1
Sato,Da Matta,1
Sato,Fisichella,2
Webber,Raikkonen,5
Panis,Baumgartner,3
Fisichella,Pantano,2
Barrichello,Sato,4
Gene,Heidfeld,1
Massa,Montoya,2
Raikkonen,Massa,18
Heidfeld,Pantano,2
Montoya,Sato,1
Alonso,Da Matta,1
Alonso,Panis,1
Coulthard,Pantano,2
Baumgartner,Bruni,1
Alonso,Klien,3
Barrichello,Bruni,1
Barrichello,Baumgartner,2
Sato,Pizzonia,1
Pizzonia,Massa,1
Barrichello,Massa,7
Da Matta,Massa,1
Barrichello,Klien,2
Alonso,Montoya,1
Pizzonia,Sato,1
Zonta,Bruni,2
Massa,Pantano,3
Pantano,Massa,1
Raikkonen,Schumacher,10
Baumgartner,Heidfeld,1
Pizzonia,Montoya,1
Klien,Panis,1
Button,Raikkonen,12
Webber,Zonta,2
Bruni,Zonta,1
Schumacher,Pantano,1
Pizzonia,Baumgartner,1
Schumacher,Zonta,1
Alonso,Barrichello,5
Coulthard,Bruni,2
Schumacher,Bruni,2
Pizzonia,Zonta,1
Pizzonia,Bruni,1
Pizzonia,Pantano,1
Klien,Trulli,1
Pizzonia,Coulthard,1
Zonta,Coulthard,1
Pantano,Bruni,1
Pizzonia,Barrichello,2
Fisichella,Webber,5
Pizzonia,Alonso,1
Sato,Montoya,1
Fisichella,Montoya,2
Schumacher,Sato,4
Panis,Glock,1
Schumacher,Baumgartner,1
Fisichella,Massa,2
Coulthard,Massa,2
Schumacher,Glock,12
Zonta,Massa,1
Villeneuve,Montoya,1
Schumacher,Klien,4
Fisichella,Alonso,6
Massa,Glock,8
Trulli,Klien,3
Trulli,Alonso,2
Trulli,Montoya,1
Klien,Schumacher,1
Bruni,Alonso,1
Bruni,Villeneuve,1
Bruni,Coulthard,1
Alonso,Bruni,1
Baumgartner,Coulthard,1
Baumgartner,Villeneuve,1
Villeneuve,Baumgartner,1
Alonso,Glock,8
Montoya,Glock,1
Raikkonen,Glock,3
R.Schumacher,Glock,1
Villeneuve,Bruni,1
Massa,Coulthard,6
Schumacher,Massa,4
Klien,Glock,1
R.Schumacher,Sato,4
Friesacher,Albers,1
Monteiro,Albers,2
Klien,Barrichello,3
Sato,De la Rosa,1
Friesacher,Monteiro,1
De La Rosa,Barrichello,2
Massa,R.Schumacher,5
Massa,Barrichello,12
Massa,Monteiro,1
Massa,Karthikeyan,7
Liuzzi,Villeneuve,1
Villeneuve,Liuzzi,1
Monteiro,Karthikeyan,3
Heidfeld,Webber,4
R.Schumacher,Monteiro,4
R.Schumacher,Albers,5
R.Schumacher,Friesacher,2
Barrichello,Liuzzi,7
Montoya,Monteiro,1
Montoya,Karthikeyan,1
Schumacher,Karthikeyan,5
Fisichella,Albers,3
Schumacher,Monteiro,2
Fisichella,Friesacher,1
Fisichella,Karthikeyan,1
Fisichella,Monteiro,2
Albers,Friesacher,1
Villeneuve,Karthikeyan,3
Sato,Friesacher,3
Sato,Albers,4
Heidfeld,Raikkonen,2
Karthikeyan,Friesacher,1
Barrichello,Friesacher,1
Barrichello,Karthikeyan,6
Monteiro,Friesacher,1
Barrichello,Albers,5
Villeneuve,Friesacher,1
Klien,Friesacher,1
Klien,Coulthard,2
Sato,Monteiro,2
Trulli,Albers,2
Villeneuve,Albers,2
Karthikeyan,Albers,2
Fisichella,Schumacher,3
Barrichello,Doornbos,1
Alonso,Doornbos,1
Alonso,Albers,2
Alonso,Karthikeyan,3
Sato,R.Schumacher,1
Sato,Doornbos,2
R.Schumacher,Doornbos,2
Webber,Klien,1
Sato,Karthikeyan,2
R.Schumacher,Karthikeyan,1
Albers,Karthikeyan,1
Heidfeld,Doornbos,1
Doornbos,Karthikeyan,2
Heidfeld,Karthikeyan,2
Villeneuve,Monteiro,2
Heidfeld,Albers,2
Heidfeld,Monteiro,1
Webber,Karthikeyan,5
Button,Karthikeyan,3
Coulthard,Karthikeyan,1
Webber,Monteiro,1
Pizzonia,Karthikeyan,1
Button,Monteiro,1
Monteiro,Villeneuve,1
R.Schumacher,Klien,2
Karthikeyan,Massa,1
Monteiro,Massa,1
Klien,Karthikeyan,1
Button,Webber,8
Trulli,Karthikeyan,1
Villeneuve,Doornbos,1
Karthikeyan,Sato,1
Doornbos,Villeneuve,1
Doornbos,Sato,3
Doornbos,Pizzonia,1
Coulthard,Monteiro,2
Pizzonia,Doornbos,1
Pizzonia,Trulli,1
Pizzonia,Monteiro,1
Klien,Webber,1
Trulli,Speed,2
R.Schumacher,Speed,4
Heidfeld,Ide,1
Monteiro,Ide,4
Raikkonen,Liuzzi,1
Klien,Fisichella,1
Liuzzi,Coulthard,2
Heidfeld,Speed,3
Massa,Ide,1
Rosberg,Ide,1
Fisichella,Speed,3
Rosberg,Heidfeld,4
Rosberg,Speed,3
Heidfeld,Barrichello,9
Speed,Barrichello,3
Rosberg,Barrichello,10
Speed,Trulli,2
Rosberg,Coulthard,4
Speed,Heidfeld,1
Massa,Liuzzi,5
Rosberg,Klien,1
Massa,Speed,5
Ide,Monteiro,1
Liuzzi,Ide,1
Albers,Sato,5
Liuzzi,Sato,3
Sato,Liuzzi,1
Liuzzi,Albers,3
Fisichella,Ide,1
Albers,Ide,1
Fisichella,Sato,2
Liuzzi,Schumacher,2
Barrichello,Speed,1
Monteiro,Sato,4
Speed,Sato,3
Rosberg,Sato,4
Rosberg,Monteiro,2
Rosberg,Albers,1
Coulthard,Montagny,1
Villeneuve,Montagny,1
Klien,Liuzzi,3
Schumacher,Speed,3
Schumacher,Albers,3
Massa,Montagny,1
Fisichella,Rosberg,2
Rosberg,Villeneuve,1
Fisichella,Liuzzi,5
Coulthard,Liuzzi,3
Monteiro,Montagny,1
Button,Liuzzi,5
Trulli,Liuzzi,9
Speed,Klien,1
Trulli,Rosberg,3
Liuzzi,Rosberg,3
Albers,Monteiro,3
Speed,Albers,2
Klien,Rosberg,1
Klien,Monteiro,1
Kubica,Sato,2
Kubica,Trulli,6
Liuzzi,Trulli,7
Kubica,Speed,2
Kubica,R.Schumacher,3
Kubica,Massa,8
Sato,Speed,4
R.Schumacher,Kubica,2
De La Rosa,Schumacher,1
Heidfeld,Schumacher,1
Kubica,Liuzzi,2
Kubica,Rosberg,8
Albers,Yamamoto,2
De La Rosa,Liuzzi,3
Speed,Yamamoto,1
Kubica,Webber,3
Fisichella,Kubica,5
De La Rosa,Klien,1
Speed,Kubica,2
Webber,Kubica,5
R.Schumacher,Liuzzi,1
Monteiro,Yamamoto,2
Sato,Yamamoto,3
Speed,Coulthard,2
Liuzzi,R.Schumacher,1
Kubica,Coulthard,2
Doornbos,Albers,2
Webber,Liuzzi,3
Coulthard,Rosberg,2
Doornbos,Monteiro,1
Massa,Rosberg,26
Webber,Speed,1
Doornbos,Yamamoto,1
Kubica,Button,3
Kubica,De La Rosa,2
Doornbos,Liuzzi,1
Kubica,Barrichello,3
Monteiro,Rosberg,1
Trulli,Kubica,2
Doornbos,Kubica,1
Monteiro,Trulli,1
Monteiro,Speed,1
Barrichello,Yamamoto,3
Barrichello,Monteiro,1
Button,Kubica,5
Speed,Liuzzi,1
Heidfeld,Liuzzi,2
Schumacher,Doornbos,1
Schumacher,Kubica,4
Kubica,Schumacher,3
Doornbos,Heidfeld,1
Yamamoto,Monteiro,1
Massa,Wurz,4
Sutil,Davidson,2
Wurz,Webber,1
Rosberg,Schumacher,3
Davidson,Webber,1
Trulli,Kovalainen,4
Massa,Hamilton,11
Hamilton,Massa,28
Wurz,Liuzzi,2
Wurz,Speed,2
Wurz,Schumacher,1
Wurz,Coulthard,1
Rosberg,Davidson,3
Coulthard,Davidson,1
Rosberg,Kovalainen,12
Rosberg,Wurz,3
Davidson,Sutil,2
Trulli,Sutil,2
Heidfeld,Sutil,7
Kovalainen,Davidson,1
Kovalainen,Wurz,3
Liuzzi,Webber,1
Massa,Alonso,10
Sato,Raikkonen,1
Kovalainen,Albers,1
Alonso,Wurz,2
Alonso,Kovalainen,10
Kovalainen,Trulli,11
Sato,Schumacher,1
Sato,Alonso,1
Davidson,Albers,1
Fisichella,Davidson,2
Liuzzi,Wurz,1
Sato,Sutil,1
Fisichella,Sutil,3
Kovalainen,Heidfeld,6
Button,Speed,1
Sutil,Albers,2
Davidson,Button,1
Alonso,Rosberg,22
Hamilton,Kubica,7
Massa,Davidson,2
Fisichella,Kovalainen,2
Rosberg,Trulli,6
Kovalainen,Fisichella,8
Winkelhock,Raikkonen,1
Winkelhock,Sato,1
Winkelhock,Trulli,1
Sato,Wurz,1
Winkelhock,Wurz,1
Alonso,Sato,1
Winkelhock,Fisichella,1
Massa,Kubica,4
Webber,Wurz,1
Alonso,Kubica,4
Coulthard,Kubica,1
Hamilton,Trulli,11
Hamilton,Fisichella,8
Sutil,Trulli,12
Barrichello,Kubica,1
Sutil,Fisichella,7
Sutil,Kubica,5
Massa,Winkelhock,1
Alonso,Winkelhock,1
Coulthard,Winkelhock,1
Webber,Winkelhock,1
Kovalainen,Winkelhock,1
Raikkonen,Winkelhock,1
Wurz,Winkelhock,1
Kubica,Fisichella,7
Barrichello,Winkelhock,1
Fisichella,Winkelhock,1
Schumacher,Winkelhock,1
Kubica,Winkelhock,1
Heidfeld,Winkelhock,1
Sato,Winkelhock,1
Raikkonen,Kovalainen,5
Kovalainen,Raikkonen,4
Trulli,Winkelhock,1
Davidson,Winkelhock,1
Hamilton,Barrichello,11
Hamilton,Kovalainen,13
Heidfeld,Kubica,3
Vettel,Liuzzi,3
Button,Sutil,13
Trulli,Yamamoto,3
Button,Vettel,7
Trulli,Vettel,1
Button,Davidson,1
Sutil,Sato,1
Yamamoto,Sato,1
Button,Rosberg,22
Davidson,Fisichella,1
Yamamoto,Sutil,1
Sutil,Yamamoto,4
Rosberg,Button,21
Hamilton,Raikkonen,27
Sutil,Liuzzi,7
Webber,Kovalainen,10
Sutil,Button,9
Vettel,Barrichello,3
Heidfeld,Kovalainen,8
Kubica,Kovalainen,5
Wurz,Davidson,2
Yamamoto,Wurz,1
Vettel,Webber,9
Vettel,Button,29
Kovalainen,Kubica,5
Kubica,Heidfeld,7
Sutil,Schumacher,8
Raikkonen,Yamamoto,1
Sutil,Heidfeld,10
Liuzzi,Yamamoto,2
Sato,Rosberg,1
Raikkonen,Davidson,1
Rosberg,Yamamoto,1
Raikkonen,Sutil,8
Liuzzi,Davidson,1
Rosberg,Liuzzi,1
Massa,Yamamoto,2
Kubica,Hamilton,2
Liuzzi,Sutil,5
Rosberg,Sutil,10
Fisichella,Hamilton,1
Coulthard,Hamilton,1
Yamamoto,Barrichello,1
Massa,Sutil,10
Schumacher,Yamamoto,3
Liuzzi,Button,1
Schumacher,Davidson,1
Schumacher,Sutil,5
Barrichello,Sutil,3
Davidson,Yamamoto,1
Liuzzi,Heidfeld,1
Rosberg,Fisichella,3
Barrichello,Davidson,1
Vettel,Kovalainen,8
Wurz,Sato,1
Schumacher,Wurz,1
Schumacher,Kovalainen,14
Schumacher,Rosberg,5
Liuzzi,Massa,1
Kovalainen,Rosberg,7
Raikkonen,Hamilton,13
Kovalainen,Webber,5
Nakajima,Davidson,2
Hamilton,Heidfeld,5
Hamilton,Sutil,11
Nakajima,Sato,3
Sato,Nakajima,1
Hamilton,Sato,2
Hamilton,Davidson,2
Hamilton,Schumacher,13
Hamilton,Nakajima,2
Kubica,Alonso,1
Hamilton,Vettel,17
Hamilton,Coulthard,3
Nakajima,Coulthard,1
Rosberg,Kubica,1
Sutil,Bourdais,4
Glock,Piquet,3
Sutil,Piquet,5
Bourdais,Piquet,1
Nakajima,Piquet,1
Massa,Piquet,1
Glock,Sato,1
Massa,Nakajima,2
Alonso,Raikkonen,12
Kovalainen,Alonso,5
Nakajima,Barrichello,2
Nakajima,Vettel,1
Davidson,Nakajima,1
Raikkonen,Kubica,14
Piquet,Sato,1
Piquet,Davidson,1
Piquet,Bourdais,1
Sato,Davidson,1
Kovalainen,Sutil,4
Kovalainen,Vettel,3
Kovalainen,Piquet,3
Kovalainen,Glock,21
Glock,Kovalainen,3
Piquet,Button,3
Kovalainen,Button,3
Kovalainen,Coulthard,1
Webber,Nakajima,2
Vettel,Piquet,4
Bourdais,Sutil,3
Piquet,Vettel,1
Piquet,Sutil,2
Glock,Fisichella,3
Sutil,Nakajima,2
Sutil,Barrichello,5
Trulli,Piquet,1
Trulli,Nakajima,2
Barrichello,Nakajima,3
Rosberg,Alonso,11
Rosberg,Piquet,1
Button,Piquet,2
Nakajima,Webber,2
Vettel,Bourdais,2
Piquet,Glock,2
Piquet,Trulli,1
Rosberg,Bourdais,1
Massa,Bourdais,3
Coulthard,Nakajima,2
Glock,Webber,4
Kovalainen,Barrichello,3
Massa,Kovalainen,15
Hamilton,Alonso,24
Hamilton,Rosberg,29
Hamilton,Glock,5
Piquet,Alonso,2
Alonso,Piquet,3
Webber,Massa,14
Webber,Rosberg,18
Webber,Sutil,10
Webber,Bourdais,2
Nakajima,Bourdais,2
Heidfeld,Glock,7
Glock,Alonso,4
Barrichello,Bourdais,3
Rosberg,Nakajima,2
Rosberg,Massa,19
Nakajima,Massa,1
Kubica,Piquet,3
Kubica,Raikkonen,1
Piquet,Raikkonen,1
Barrichello,Glock,10
Rosberg,Webber,1
Barrichello,Kovalainen,20
Barrichello,Alonso,2
Trulli,Hamilton,2
Vettel,Glock,8
Raikkonen,Rosberg,8
Raikkonen,Vettel,6
Hamilton,Piquet,3
Vettel,Trulli,5
Fisichella,Nakajima,2
Coulthard,Piquet,1
Webber,Piquet,3
Sutil,Coulthard,1
Heidfeld,Piquet,1
Kovalainen,Hamilton,3
Nakajima,Trulli,4
Webber,Glock,9
Coulthard,Sutil,1
Heidfeld,Bourdais,2
Heidfeld,Vettel,1
Alonso,Vettel,14
Kubica,Bourdais,2
Alonso,Bourdais,2
Nakajima,Sutil,2
Nakajima,Button,1
Glock,Kubica,2
Nakajima,Raikkonen,1
Webber,Hamilton,16
Hamilton,Webber,20
Piquet,Coulthard,1
Raikkonen,Nakajima,1
Glock,Nakajima,2
Raikkonen,Piquet,1
Glock,Coulthard,2
Glock,Vettel,1
Bourdais,Fisichella,2
Barrichello,Rosberg,8
Hamilton,Button,28
Bourdais,Nakajima,2
Piquet,Webber,1
Rosberg,Glock,4
Bourdais,Coulthard,1
Glock,Bourdais,3
Trulli,Bourdais,2
Bourdais,Barrichello,1
Vettel,Hamilton,15
Hamilton,Bourdais,1
Hamilton,Buemi,7
Rosberg,Raikkonen,15
Barrichello,Buemi,3
Buemi,Rosberg,1
Buemi,Glock,11
Glock,Buemi,1
Glock,Rosberg,1
Glock,Raikkonen,3
Vettel,Raikkonen,25
Buemi,Fisichella,2
Buemi,Raikkonen,2
Piquet,Massa,1
Glock,Massa,1
Glock,Heidfeld,6
Glock,Hamilton,1
Alonso,Nakajima,2
Glock,Barrichello,2
Glock,Trulli,8
Button,Glock,4
Bourdais,Heidfeld,2
Fisichella,Piquet,1
Buemi,Trulli,11
Bourdais,Trulli,1
Kubica,Sutil,5
Alonso,Sutil,11
Sutil,Rosberg,5
Heidfeld,Rosberg,1
Alonso,Buemi,3
Bourdais,Raikkonen,1
Sutil,Hamilton,3
Buemi,Heidfeld,3
Raikkonen,Bourdais,1
Button,Hamilton,14
Sutil,Kovalainen,13
Kubica,Nakajima,1
Nakajima,Kubica,1
Kovalainen,Nakajima,1
Buemi,Bourdais,1
Barrichello,Piquet,2
Piquet,Fisichella,1
Rosberg,Vettel,6
Massa,Vettel,6
Barrichello,Hamilton,1
Piquet,Hamilton,1
Buemi,Hamilton,2
Alonso,Hamilton,15
Fisichella,Buemi,1
Nakajima,Glock,1
Button,Buemi,7
Heidfeld,Buemi,5
Trulli,Buemi,1
Button,Nakajima,2
Piquet,Kubica,1
Grosjean,Badoer,1
Vettel,Rosberg,19
Sutil,Badoer,1
Kubica,Vettel,1
Trulli,Glock,9
Raikkonen,Buemi,1
Rosberg,Alguersuari,13
Alguersuari,Nakajima,1
Alonso,Liuzzi,5
Buemi,Grosjean,1
Liuzzi,Alonso,2
Fisichella,Grosjean,2
Liuzzi,Nakajima,2
Kobayashi,Nakajima,2
Button,Grosjean,13
Vettel,Grosjean,24
Vettel,Alguersuari,3
Heidfeld,Alguersuari,5
Heidfeld,Grosjean,1
Hamilton,Grosjean,18
Hamilton,Alguersuari,4
Kovalainen,Alguersuari,1
Kovalainen,Grosjean,1
Raikkonen,Alguersuari,1
Button,Kobayashi,9
Kobayashi,Button,5
Nakajima,Kobayashi,1
Alguersuari,Liuzzi,5
Fisichella,Fisichella,1
Alonso,Grosjean,18
Sutil,Grosjean,6
Alonso,Kobayashi,8
Buemi,Kovalainen,9
Kubica,Glock,1
Kubica,Di Grassi,1
De La Rosa,Hulkenberg,4
Sutil,Glock,10
Hulkenberg,Senna,8
De La Rosa,Kobayashi,1
Hulkenberg,Trulli,4
Hulkenberg,Glock,7
Webber,Buemi,4
Hulkenberg,Kovalainen,10
Liuzzi,Buemi,3
Kubica,Buemi,2
Glock,Chandhok,4
Alonso,Chandhok,2
Glock,Schumacher,1
Schumacher,Chandhok,2
Schumacher,Di Grassi,3
Di Grassi,Chandhok,4
Petrov,Sutil,4
De La Rosa,Sutil,2
Alguersuari,Sutil,6
Di Grassi,Hamilton,1
Hamilton,Di Grassi,1
De La Rosa,Di Grassi,2
Alonso,Di Grassi,3
Alonso,Petrov,8
Petrov,Di Grassi,3
Alonso,De La Rosa,4
Liuzzi,De La Rosa,2
Schumacher,Alguersuari,9
Alguersuari,Schumacher,2
Schumacher,De La Rosa,3
Alguersuari,De La Rosa,2
Barrichello,Di Grassi,3
Barrichello,Senna,5
Kovalainen,Senna,6
Chandhok,Senna,1
Hamilton,Kobayashi,11
Hamilton,Petrov,10
Trulli,Senna,4
Petrov,Hamilton,1
Trulli,Chandhok,2
Alguersuari,Petrov,7
Buemi,Petrov,5
Alguersuari,Hulkenberg,3
Chandhok,Trulli,1
Buemi,Barrichello,5
Sutil,Petrov,2
Sutil,De La Rosa,1
De La Rosa,Petrov,1
Alguersuari,Kovalainen,14
Webber,Alguersuari,4
Schumacher,Senna,7
Vettel,Senna,6
Hamilton,Senna,5
Hulkenberg,Chandhok,2
Alonso,Senna,3
Vettel,Sutil,9
Schumacher,Hamilton,6
Vettel,Schumacher,5
Sutil,Vettel,2
Rosberg,Hamilton,11
Petrov,Alguersuari,3
Massa,Alguersuari,8
Sutil,Alguersuari,6
Barrichello,Alguersuari,4
Petrov,Schumacher,3
Petrov,Webber,1
Massa,Schumacher,10
Petrov,Chandhok,1
Kobayashi,Trulli,7
Petrov,Trulli,7
Petrov,Glock,12
Buemi,Di Grassi,4
Buemi,Chandhok,2
Rosberg,Hulkenberg,12
Sutil,Kobayashi,14
Hulkenberg,Di Grassi,2
Barrichello,Hulkenberg,2
Hulkenberg,Barrichello,2
Glock,Senna,5
Senna,Di Grassi,1
Buemi,Hulkenberg,2
Di Grassi,Senna,1
Buemi,Alguersuari,9
Petrov,Senna,1
Rosberg,Chandhok,1
Sutil,Di Grassi,4
Rosberg,Senna,5
De La Rosa,Chandhok,1
Button,Kovalainen,2
Hulkenberg,Petrov,7
Rosberg,Petrov,9
Alguersuari,Glock,10
De La Rosa,Senna,1
Barrichello,Petrov,5
Petrov,Barrichello,3
Rosberg,Di Grassi,1
Alguersuari,Di Grassi,6
De La Rosa,Glock,3
Liuzzi,Chandhok,1
Massa,Chandhok,2
Liuzzi,Glock,5
Massa,Petrov,14
Barrichello,Chandhok,1
De La Rosa,Kovalainen,2
Liuzzi,Alguersuari,4
Chandhok,Di Grassi,1
Buemi,Schumacher,5
De La Rosa,Alguersuari,2
Glock,Di Grassi,2
Di Grassi,Glock,2
Alonso,Hulkenberg,16
Massa,Di Grassi,2
Sutil,Buemi,4
Kobayashi,Alonso,2
Kobayashi,Buemi,7
Liuzzi,Kovalainen,1
Vettel,Yamamoto,1
Kovalainen,Massa,1
Vettel,Chandhok,1
Alonso,Alguersuari,1
Massa,Buemi,4
Vettel,Buemi,1
Vettel,Massa,18
Vettel,Petrov,8
Vettel,Hulkenberg,21
Glock,Yamamoto,2
Alguersuari,Yamamoto,3
Alguersuari,Senna,4
Sutil,Senna,3
Petrov,Kobayashi,10
Liuzzi,Di Grassi,1
Kobayashi,Liuzzi,3
Kubica,Yamamoto,1
Kobayashi,Schumacher,9
Di Grassi,Yamamoto,2
Alguersuari,Rosberg,4
Kobayashi,Alguersuari,8
Petrov,Yamamoto,2
Vettel,Kubica,3
Sutil,Hulkenberg,4
Alonso,Yamamoto,2
Kobayashi,Yamamoto,3
Kobayashi,Di Grassi,1
De La Rosa,Yamamoto,1
Alguersuari,Buemi,7
Buemi,Yamamoto,2
Alguersuari,Trulli,9
Petrov,Rosberg,3
Liuzzi,Vettel,1
Vettel,De La Rosa,4
Kobayashi,Rosberg,4
Liuzzi,Hulkenberg,1
Kovalainen,Di Grassi,3
Rosberg,Kobayashi,13
Webber,Schumacher,8
Webber,Vettel,3
Di Grassi,Trulli,1
Webber,Hulkenberg,8
Alguersuari,Klien,1
Webber,Kobayashi,13
Heidfeld,Senna,1
Heidfeld,Di Grassi,1
Kubica,Alguersuari,1
Kubica,Petrov,1
Kubica,Hulkenberg,1
Kobayashi,Sutil,5
Kobayashi,Barrichello,5
Kobayashi,Heidfeld,3
Heidfeld,Kobayashi,5
Petrov,Heidfeld,2
Buemi,Kobayashi,8
Hulkenberg,Kubica,5
Heidfeld,Yamamoto,1
Petrov,Kovalainen,16
Petrov,Hulkenberg,1
Liuzzi,Kobayashi,1
Liuzzi,Barrichello,1
Hulkenberg,Alguersuari,1
Alguersuari,Kobayashi,5
Button,Petrov,7
Massa,Senna,5
Trulli,Di Grassi,1
Petrov,Massa,2
Kubica,Kobayashi,1
Barrichello,D'Ambrosio,2
Barrichello,Maldonado,4
Maldonado,Kovalainen,15
Barrichello,Perez,4
Buemi,Di Resta,10
Alguersuari,D'Ambrosio,5
Glock,D'Ambrosio,3
Maldonado,Perez,6
Buemi,Sutil,3
Di Resta,Sutil,4
Barrichello,Kobayashi,5
Perez,Di Resta,10
Alguersuari,Heidfeld,2
Di Resta,Rosberg,7
Rosberg,Di Resta,12
Kobayashi,Webber,5
Sutil,Karthikeyan,3
Sutil,D'Ambrosio,4
Di Resta,Glock,10
Perez,Rosberg,8
Webber,Perez,12
Massa,Perez,19
Perez,Alguersuari,3
Di Resta,Perez,8
Di Resta,Alguersuari,7
Rosberg,D'Ambrosio,3
Schumacher,Perez,7
Rosberg,Buemi,3
Heidfeld,Petrov,4
Heidfeld,Hamilton,1
Schumacher,Di Resta,9
Maldonado,Trulli,5
Glock,Liuzzi,6
D'Ambrosio,Liuzzi,6
Perez,Barrichello,4
Perez,Webber,2
Kovalainen,Maldonado,3
Trulli,Maldonado,1
Perez,Buemi,3
Webber,D'Ambrosio,1
Maldonado,Karthikeyan,5
Di Resta,Kovalainen,15
Maldonado,D'Ambrosio,5
Vettel,Heidfeld,1
Maldonado,Glock,9
Hamilton,Perez,22
Di Resta,Barrichello,3
Kobayashi,Kovalainen,9
Buemi,Karthikeyan,1
Perez,Trulli,6
Perez,Kovalainen,12
Buemi,D'Ambrosio,3
Glock,Karthikeyan,4
Button,Di Resta,6
Hamilton,Di Resta,9
Schumacher,Petrov,16
Webber,Petrov,12
Alonso,Perez,16
Buemi,Maldonado,7
Perez,Heidfeld,2
Perez,Petrov,7
Petrov,Di Resta,6
Kobayashi,Di Resta,9
Liuzzi,Karthikeyan,4
D'Ambrosio,Karthikeyan,2
Kobayashi,Maldonado,8
Schumacher,Liuzzi,2
Schumacher,D'Ambrosio,4
Hamilton,Maldonado,8
Massa,Maldonado,23
Alguersuari,Maldonado,6
Perez,Liuzzi,6
Perez,Karthikeyan,4
Di Resta,Trulli,4
Perez,D'Ambrosio,6
Trulli,D'Ambrosio,4
Alguersuari,Perez,5
Kovalainen,D'Ambrosio,8
Schumacher,Maldonado,4
Heidfeld,Di Resta,1
Di Resta,Maldonado,14
Schumacher,Kobayashi,9
Kobayashi,Massa,5
Massa,Kobayashi,11
Perez,Maldonado,23
Alguersuari,Barrichello,4
Perez,Sutil,6
Sutil,Perez,7
Petrov,Buemi,3
Liuzzi,Perez,1
Maldonado,Barrichello,6
Maldonado,Sutil,7
Kobayashi,Karthikeyan,6
Kobayashi,Glock,9
Kobayashi,D'Ambrosio,3
Karthikeyan,Sutil,1
Maldonado,Heidfeld,1
Di Resta,Heidfeld,2
Massa,Di Resta,10
Buemi,Perez,3
Heidfeld,Maldonado,4
Di Resta,Buemi,7
Kobayashi,Petrov,5
Perez,Massa,14
Heidfeld,Perez,3
Maldonado,Rosberg,3
Di Resta,D'Ambrosio,5
Maldonado,Petrov,9
Di Resta,Petrov,11
Alguersuari,Karthikeyan,1
Webber,Di Resta,11
Petrov,Maldonado,3
Webber,Maldonado,8
Trulli,De La Rosa,1
Button,Maldonado,19
De la Rosa,Trulli,1
Liuzzi,D'Ambrosio,2
De la Rosa,Buemi,1
Sutil,Maldonado,7
Buemi,Liuzzi,2
Petrov,Button,1
Button,D'Ambrosio,3
Maldonado,Alguersuari,4
De la Rosa,Glock,1
De la Rosa,D'Ambrosio,1
Di Resta,Karthikeyan,4
Di Resta,Liuzzi,2
Rosberg,Maldonado,10
Button,Alguersuari,1
Karthikeyan,Liuzzi,1
Buemi,De La Rosa,1
Di Resta,De La Rosa,5
Karthikeyan,D'Ambrosio,1
Karthikeyan,Glock,1
D'Ambrosio,Glock,1
Maldonado,Liuzzi,3
Petrov,Perez,4
Kobayashi,Perez,9
Di Resta,Kobayashi,5
Maldonado,Kobayashi,7
Heidfeld,Ricciardo,2
Heidfeld,Chandhok,1
Di Resta,Ricciardo,6
Di Resta,Chandhok,1
Heidfeld,D'Ambrosio,1
Perez,Ricciardo,19
Ricciardo,D'Ambrosio,4
Perez,Glock,7
Buemi,Ricciardo,1
Vettel,Kobayashi,8
D'Ambrosio,Ricciardo,2
Alguersuari,Webber,1
Maldonado,Buemi,1
Vettel,Alonso,20
Ricciardo,Liuzzi,2
Maldonado,Ricciardo,10
Senna,Glock,10
Webber,Ricciardo,13
Schumacher,Ricciardo,7
Button,Ricciardo,9
Kovalainen,Liuzzi,1
Button,Perez,15
Senna,Liuzzi,3
Senna,D'Ambrosio,3
Perez,Senna,6
Senna,Kovalainen,10
Maldonado,Di Resta,4
Senna,Sutil,1
Alguersuari,Di Resta,3
Senna,Buemi,2
Senna,Maldonado,3
Massa,D'Ambrosio,1
Alonso,Di Resta,6
Rosberg,Perez,15
Senna,Petrov,4
Petrov,D'Ambrosio,2
Trulli,Perez,1
Maldonado,Senna,8
Di Resta,Senna,2
Perez,Kobayashi,9
Sutil,Di Resta,4
Senna,Barrichello,1
Trulli,Ricciardo,2
Petrov,Alonso,1
Senna,Kobayashi,4
Kobayashi,Senna,5
Kobayashi,Ricciardo,8
Senna,Trulli,2
Ricciardo,Karthikeyan,5
Buemi,Senna,1
Petrov,Karthikeyan,6
Petrov,Ricciardo,2
Barrichello,Ricciardo,1
Kovalainen,Kobayashi,1
Senna,Ricciardo,6
Liuzzi,Ricciardo,1
Alguersuari,Ricciardo,1
Maldonado,Grosjean,9
Alonso,Maldonado,12
Petrov,Pic,9
Vergne,Glock,7
Maldonado,Massa,2
Raikkonen,Perez,29
Senna,Pic,6
Kovalainen,Ricciardo,2
Kovalainen,Pic,9
Ricciardo,Pic,5
Vettel,Vergne,9
Alonso,Vergne,10
Rosberg,Vergne,9
Webber,Vergne,5
Vettel,Perez,25
Raikkonen,Kobayashi,6
Di Resta,Massa,3
Vergne,Massa,2
Kobayashi,Raikkonen,4
Ricciardo,Senna,8
Vergne,Di Resta,5
Ricciardo,Di Resta,7
Di Resta,Vergne,6
Ricciardo,Vergne,15
Grosjean,Glock,5
Grosjean,Pic,9
Perez,De La Rosa,3
Grosjean,Kovalainen,7
Grosjean,Ricciardo,11
Ricciardo,Kovalainen,7
Grosjean,Petrov,4
Schumacher,Vergne,3
Button,Vergne,8
Perez,Vergne,13
Rosberg,Karthikeyan,3
Hulkenberg,Di Resta,5
Kobayashi,De La Rosa,8
Massa,Vergne,9
Hulkenberg,Karthikeyan,2
Maldonado,Hulkenberg,3
Kovalainen,Karthikeyan,7
Pic,Karthikeyan,5
Alonso,Pic,2
Hamilton,Karthikeyan,2
Senna,De La Rosa,5
Ricciardo,De La Rosa,3
Kovalainen,De La Rosa,14
Glock,De La Rosa,4
Petrov,De La Rosa,8
Button,Pic,4
Ricciardo,Kobayashi,3
Senna,Schumacher,2
Senna,Hulkenberg,2
Ricciardo,Glock,6
Ricciardo,Massa,14
Maldonado,Schumacher,2
Ricciardo,Rosberg,8
Senna,Di Resta,3
Vergne,De La Rosa,5
Vergne,Karthikeyan,6
Vergne,Pic,12
Vergne,Petrov,7
Kobayashi,Vergne,3
Hamilton,Ricciardo,23
Raikkonen,Ricciardo,18
Vettel,Ricciardo,24
Hulkenberg,De La Rosa,2
Vergne,Kovalainen,9
Perez,Grosjean,33
Grosjean,Perez,14
Hulkenberg,Pic,5
Ricciardo,Petrov,5
Grosjean,Kobayashi,9
Button,Senna,5
Webber,Senna,4
Perez,Alonso,24
Webber,Grosjean,4
Senna,Grosjean,3
Grosjean,Maldonado,11
Vergne,Ricciardo,12
Senna,Raikkonen,1
Grosjean,Senna,2
Grosjean,Raikkonen,8
Maldonado,Raikkonen,4
Perez,Raikkonen,21
Di Resta,Raikkonen,3
Maldonado,Alonso,4
Ricciardo,Maldonado,12
Grosjean,Webber,2
Grosjean,Hamilton,6
Maldonado,Vergne,7
Rosberg,Pic,4
Massa,Pic,6
Perez,Pic,5
Hulkenberg,Ricciardo,13
Maldonado,Pic,7
Schumacher,Pic,3
Vettel,Di Resta,4
Grosjean,Di Resta,3
Raikkonen,Grosjean,32
Hamilton,Vergne,7
Schumacher,Hulkenberg,5
Di Resta,Hulkenberg,3
Hulkenberg,Vergne,8
Hulkenberg,Kobayashi,3
Button,Hulkenberg,5
Webber,De La Rosa,3
Webber,Pic,8
Hamilton,Hulkenberg,21
Grosjean,Rosberg,9
Kovalainen,Perez,1
Di Resta,Webber,2
Vergne,Webber,1
Hulkenberg,Webber,3
Vergne,Perez,2
Raikkonen,Pic,3
Hulkenberg,Raikkonen,12
Vergne,Senna,4
Pic,Glock,2
Hulkenberg,Button,11
Hulkenberg,Maldonado,11
Grosjean,Alonso,8
Senna,Perez,2
Raikkonen,Maldonado,10
Raikkonen,Senna,1
Raikkonen,Di Resta,7
Ricciardo,Perez,33
Hulkenberg,Rosberg,8
Maldonado,Webber,1
Perez,Button,18
Pic,De La Rosa,6
Kobayashi,Grosjean,1
Grosjean,Karthikeyan,3
Grosjean,De La Rosa,2
Kobayashi,Hulkenberg,2
Maldonado,De La Rosa,2
Grosjean,Button,14
Kovalainen,Petrov,4
Rosberg,Ricciardo,12
Raikkonen,Petrov,2
Raikkonen,Hulkenberg,21
Hamilton,De La Rosa,1
Senna,Karthikeyan,4
Perez,Hulkenberg,12
Hulkenberg,Perez,16
Vergne,Maldonado,6
Massa,Ricciardo,15
Kobayashi,Pic,7
De La Rosa,Pic,1
Senna,Massa,1
Hulkenberg,Schumacher,4
Vergne,Rosberg,4
Glock,Pic,2
Senna,Rosberg,3
Hulkenberg,D'ambrosio,1
Schumacher,D'ambrosio,1
Raikkonen,D'ambrosio,1
Alonso,Ricciardo,8
Rosberg,D'ambrosio,1
Webber,D'ambrosio,1
Di Resta,D'ambrosio,1
Kobayashi,D'ambrosio,1
Maldonado,D'ambrosio,1
D'ambrosio,Petrov,1
D'ambrosio,Kovalainen,1
Karthikeyan,Pic,1
Perez,Hamilton,3
Raikkonen,Vergne,8
Vergne,Grosjean,6
De La Rosa,Karthikeyan,2
Ricciardo,Schumacher,3
Vergne,Schumacher,1
Grosjean,Hulkenberg,12
Di Resta,Schumacher,3
Hulkenberg,Hamilton,4
Hulkenberg,Grosjean,18
Perez,Schumacher,2
Vettel,Karthikeyan,3
Senna,Vettel,1
Vettel,Pic,5
Rosberg,De La Rosa,3
Di Resta,Pic,1
Grosjean,Vettel,4
Di Resta,Grosjean,3
Grosjean,Schumacher,1
Pic,Kovalainen,2
Maldonado,Button,12
Ricciardo,Grosjean,24
Massa,Hulkenberg,11
Senna,Button,1
Di Resta,Alonso,1
Ricciardo,Raikkonen,19
Hulkenberg,Massa,6
Glock,Petrov,3
Raikkonen,Karthikeyan,1
Kobayashi,Vettel,1
Gutierrez,Maldonado,7
Bianchi,Maldonado,1
Van Der Garde,Chilton,5
Pic,Ricciardo,1
Vergne,Bottas,10
Gutierrez,Bottas,7
Maldonado,Bianchi,9
Maldonado,Bottas,5
Ricciardo,Van Der Garde,3
Ricciardo,Chilton,4
Vettel,Maldonado,6
Ricciardo,Bianchi,4
Vergne,Gutierrez,8
Pic,Van Der Garde,7
Perez,Gutierrez,17
Webber,Bottas,6
Webber,Gutierrez,5
Ricciardo,Bottas,23
Button,Bottas,7
Grosjean,Bottas,5
Ricciardo,Gutierrez,6
Button,Gutierrez,16
Perez,Bianchi,5
Grosjean,Gutierrez,13
Bottas,Gutierrez,13
Bianchi,Pic,2
Chilton,Van Der Garde,4
Grosjean,Vergne,1
Bottas,Chilton,5
Hulkenberg,Sutil,6
Perez,Vettel,5
Sutil,Bianchi,8
Sutil,Van Der Garde,4
Di Resta,Van Der Garde,2
Di Resta,Bianchi,4
Di Resta,Bottas,4
Bottas,Van Der Garde,9
Bottas,Bianchi,4
Vergne,Chilton,12
Bianchi,Van Der Garde,5
Maldonado,Van Der Garde,4
Vergne,Bianchi,11
Pic,Chilton,11
Gutierrez,Ricciardo,2
Bottas,Ricciardo,19
Massa,Grosjean,14
Vergne,Van Der Garde,9
Hulkenberg,Vettel,4
Hamilton,Van Der Garde,2
Hamilton,Chilton,5
Webber,Chilton,3
Rosberg,Chilton,2
Alonso,Bottas,8
Hamilton,Bottas,18
Raikkonen,Bottas,15
Massa,Bottas,11
Rosberg,Bottas,10
Ricciardo,Hulkenberg,34
Bottas,Maldonado,9
Chilton,Pic,2
Pic,Bianchi,5
Alonso,Bianchi,2
Alonso,Gutierrez,10
Grosjean,Chilton,8
Vettel,Bottas,18
Pic,Gutierrez,1
Perez,Bottas,8
Sutil,Gutierrez,13
Gutierrez,Chilton,7
Sutil,Ricciardo,2
Sutil,Bottas,8
Sutil,Massa,2
Bottas,Massa,9
Van Der Garde,Bottas,3
Hulkenberg,Chilton,4
Maldonado,Chilton,9
Di Resta,Hamilton,3
Button,Chilton,7
Ricciardo,Hamilton,7
Gutierrez,Vergne,7
Gutierrez,Hamilton,2
Sutil,Chilton,8
Maldonado,Hamilton,1
Sutil,Pic,4
Di Resta,Button,4
Hulkenberg,Bianchi,5
Hulkenberg,Bottas,14
Di Resta,Chilton,4
Di Resta,Gutierrez,3
Sutil,Alonso,1
Gutierrez,Van Der Garde,5
Raikkonen,Van Der Garde,2
Raikkonen,Chilton,4
Raikkonen,Gutierrez,14
Grosjean,Van Der Garde,1
Massa,Gutierrez,16
Vergne,Raikkonen,4
Gutierrez,Bianchi,6
Bottas,Button,8
Bianchi,Chilton,4
Hulkenberg,Gutierrez,9
Massa,Van Der Garde,3
Massa,Bianchi,3
Massa,Chilton,4
Hamilton,Gutierrez,7
Bottas,Vergne,6
Grosjean,Massa,9
Bottas,Pic,4
Gutierrez,Pic,3
Rosberg,Gutierrez,6
Webber,Van Der Garde,1
Van Der Garde,Bianchi,5
Hulkenberg,Van Der Garde,1
Rosberg,Grosjean,5
Gutierrez,Sutil,3
Vergne,Hulkenberg,2
Grosjean,Sutil,7
Chilton,Bianchi,1
Vergne,Hamilton,2
Raikkonen,Bianchi,3
Sutil,Vergne,3
Van Der Garde,Pic,3
Maldonado,Gutierrez,11
Button,Bianchi,2
Ricciardo,Sutil,7
Vergne,Sutil,6
Vettel,Chilton,2
Vettel,Bianchi,2
Vettel,Gutierrez,7
Vergne,Button,4
Alonso,Chilton,1
Gutierrez,Alonso,3
Pic,Bottas,1
Button,Van Der Garde,1
Hulkenberg,Alonso,13
Kovalainen,Di Resta,1
Kovalainen,Bianchi,1
Kovalainen,Bottas,1
Kovalainen,Vergne,1
Kovalainen,Van Der Garde,1
Gutierrez,Kovalainen,2
Bottas,Kvyat,13
Ericsson,Sutil,1
Sutil,Ericsson,4
Bottas,Raikkonen,16
Maldonado,Ericsson,6
Grosjean,Ericsson,22
Perez,Chilton,3
Kvyat,Sutil,4
Bottas,Grosjean,14
Bottas,Ericsson,8
Perez,Ericsson,21
Bottas,Sutil,2
Gutierrez,Ericsson,12
Bottas,Hulkenberg,12
Button,Magnussen,7
Massa,Magnussen,7
Magnussen,Massa,6
Kvyat,Gutierrez,16
Ricciardo,Alonso,20
Massa,Kvyat,13
Bottas,Magnussen,16
Ericsson,Vergne,1
Raikkonen,Ericsson,12
Kvyat,Kobayashi,7
Magnussen,Kobayashi,6
Magnussen,Kvyat,9
Grosjean,Bianchi,4
Kobayashi,Ericsson,4
Kobayashi,Bianchi,2
Ricciardo,Magnussen,29
Bottas,Kobayashi,1
Hulkenberg,Kvyat,9
Raikkonen,Kvyat,6
Button,Kvyat,6
Vettel,Kvyat,15
Chilton,Ericsson,3
Ricciardo,Kvyat,17
Kobayashi,Chilton,3
Gutierrez,Kobayashi,3
Vettel,Magnussen,24
Ricciardo,Button,15
Chilton,Kobayashi,1
Ricciardo,Vettel,11
Button,Ericsson,6
Alonso,Kvyat,9
Hulkenberg,Magnussen,25
Raikkonen,Magnussen,32
Grosjean,Magnussen,17
Massa,Ericsson,14
Magnussen,Maldonado,7
Kvyat,Button,6
Magnussen,Gutierrez,7
Gutierrez,Massa,2
Perez,Magnussen,30
Vergne,Kobayashi,4
Vergne,Ericsson,4
Kvyat,Bianchi,6
Magnussen,Bianchi,3
Alonso,Magnussen,18
Kvyat,Maldonado,9
Bianchi,Kobayashi,3
Ericsson,Kobayashi,2
Kvyat,Ricciardo,7
Magnussen,Ericsson,17
Hulkenberg,Ericsson,18
Kvyat,Chilton,5
Kvyat,Ericsson,15
Ricciardo,Ericsson,23
Bottas,Perez,14
Ericsson,Chilton,3
Kvyat,Perez,12
Kvyat,Grosjean,20
Kvyat,Vergne,5
Bottas,Vettel,6
Perez,Kvyat,27
Gutierrez,Grosjean,6
Magnussen,Chilton,4
Magnussen,Grosjean,15
Sutil,Kvyat,1
Bottas,Hamilton,6
Maldonado,Kvyat,6
Gutierrez,Kvyat,5
Vergne,Magnussen,3
Hamilton,Magnussen,7
Hamilton,Ericsson,8
Kvyat,Magnussen,28
Hamilton,Bianchi,1
Chilton,Maldonado,1
Magnussen,Rosberg,1
Magnussen,Bottas,3
Bottas,Alonso,7
Kvyat,Massa,6
Magnussen,Vergne,3
Bottas,Rosberg,3
Rosberg,Kvyat,3
Magnussen,Hulkenberg,8
Magnussen,Vettel,1
Chilton,Grosjean,1
Bianchi,Ericsson,1
Kvyat,Hulkenberg,9
Kvyat,Rosberg,1
Ericsson,Bianchi,1
Magnussen,Sutil,2
Rosberg,Ericsson,5
Vergne,Vettel,1
Kvyat,Raikkonen,12
Hamilton,Kvyat,6
Alonso,Stevens,5
Grosjean,Stevens,4
Kvyat,Stevens,5
Raikkonen,Stevens,1
Maldonado,Stevens,3
Sutil,Stevens,1
Nasr,Sainz,3
Ricciardo,Sainz,17
Ericsson,Button,3
Raikkonen,Sainz,13
Nasr,Ericsson,6
Ericsson,Perez,3
Sainz,Perez,12
Ericsson,Sainz,5
Grosjean,Verstappen,3
Bottas,Nasr,6
Verstappen,Kvyat,12
Button,Merhi,3
Raikkonen,Nasr,5
Raikkonen,Merhi,1
Verstappen,Perez,23
Nasr,Merhi,5
Hamilton,Sainz,8
Bottas,Verstappen,9
Maldonado,Merhi,4
Rosberg,Sainz,3
Verstappen,Ricciardo,12
Nasr,Perez,5
Sainz,Maldonado,4
Sainz,Button,13
Grosjean,Sainz,10
Verstappen,Hulkenberg,17
Massa,Sainz,8
Verstappen,Sainz,17
Bottas,Sainz,12
Sainz,Grosjean,18
Grosjean,Nasr,13
Sainz,Stevens,7
Sainz,Merhi,4
Maldonado,Nasr,4
Verstappen,Ericsson,12
Stevens,Merhi,5
Perez,Sainz,17
Grosjean,Kvyat,14
Verstappen,Nasr,12
Ericsson,Ricciardo,1
Ericsson,Alonso,6
Massa,Verstappen,3
Maldonado,Verstappen,2
Massa,Nasr,10
Kvyat,Alonso,7
Verstappen,Merhi,4
Verstappen,Stevens,5
Ericsson,Hulkenberg,3
Kvyat,Sainz,4
Nasr,Massa,3
Maldonado,Sainz,3
Hulkenberg,Sainz,11
Ericsson,Verstappen,1
Nasr,Alonso,7
Nasr,Hulkenberg,4
Perez,Nasr,6
Hulkenberg,Stevens,2
Hulkenberg,Merhi,2
Ricciardo,Verstappen,3
Button,Stevens,4
Kvyat,Verstappen,3
Sainz,Hulkenberg,10
Sainz,Verstappen,4
Merhi,Stevens,3
Massa,Stevens,2
Massa,Merhi,1
Verstappen,Bottas,16
Vettel,Nasr,5
Vettel,Sainz,17
Sainz,Alonso,14
Vettel,Stevens,2
Vettel,Merhi,1
Vettel,Verstappen,9
Vettel,Ericsson,7
Perez,Verstappen,4
Sainz,Ricciardo,13
Ricciardo,Merhi,1
Kvyat,Merhi,1
Ericsson,Merhi,4
Nasr,Kvyat,1
Ricciardo,Nasr,8
Alonso,Merhi,3
Ericsson,Maldonado,2
Verstappen,Maldonado,3
Ericsson,Massa,2
Kvyat,Hamilton,1
Kvyat,Bottas,5
Alonso,Sainz,9
Button,Sainz,6
Hamilton,Nasr,1
Nasr,Button,7
Nasr,Stevens,5
Alonso,Ericsson,14
Sainz,Nasr,4
Sainz,Rossi,1
Verstappen,Rossi,2
Verstappen,Grosjean,13
Nasr,Maldonado,1
Perez,Rossi,1
Perez,Stevens,1
Kvyat,Rossi,1
Nasr,Rossi,5
Ericsson,Nasr,7
Ricciardo,Rossi,3
Ricciardo,Stevens,2
Kvyat,Nasr,4
Massa,Rossi,1
Grosjean,Merhi,1
Alonso,Nasr,4
Rossi,Bottas,1
Rossi,Grosjean,1
Nasr,Grosjean,2
Sainz,Raikkonen,9
Verstappen,Vettel,9
Rossi,Nasr,1
Rosberg,Verstappen,4
Nasr,Ricciardo,1
Raikkonen,Rossi,1
Button,Rossi,2
Vettel,Rossi,1
Maldonado,Rossi,1
Ericsson,Rossi,2
Ericsson,Stevens,2
Stevens,Rossi,2
Rossi,Stevens,1
Bottas,Merhi,1
Bottas,Stevens,1
Sainz,Ericsson,22
Hulkenberg,Nasr,9
Bottas,Wehrlein,8
Sainz,Haryanto,5
Sainz,Gutierrez,4
Gutierrez,Haryanto,3
Bottas,Palmer,5
Sainz,Bottas,5
Button,Nasr,7
Magnussen,Wehrlein,12
Magnussen,Nasr,4
Wehrlein,Nasr,6
Sainz,Palmer,11
Verstappen,Palmer,6
Magnussen,Perez,9
Kvyat,Wehrlein,8
Nasr,Haryanto,3
Magnussen,Haryanto,5
Ricciardo,Haryanto,2
Vandoorne,Hulkenberg,1
Grosjean,Haryanto,6
Verstappen,Haryanto,3
Vandoorne,Perez,3
Wehrlein,Hulkenberg,2
Ericsson,Wehrlein,10
Verstappen,Massa,5
Perez,Haryanto,6
Vandoorne,Haryanto,1
Perez,Wehrlein,5
Vandoorne,Wehrlein,4
Vandoorne,Nasr,2
Hulkenberg,Haryanto,4
Massa,Vandoorne,3
Wehrlein,Perez,2
Kvyat,Vandoorne,2
Grosjean,Vandoorne,7
Vandoorne,Ericsson,11
Gutierrez,Palmer,6
Perez,Palmer,8
Bottas,Haryanto,2
Button,Haryanto,3
Vettel,Haryanto,1
Verstappen,Magnussen,10
Vettel,Palmer,3
Button,Palmer,6
Ricciardo,Palmer,3
Hulkenberg,Palmer,5
Hamilton,Palmer,1
Hamilton,Haryanto,1
Raikkonen,Palmer,4
Raikkonen,Haryanto,2
Vettel,Wehrlein,4
Button,Wehrlein,5
Ericsson,Palmer,8
Ericsson,Haryanto,5
Sainz,Wehrlein,6
Ricciardo,Wehrlein,6
Hamilton,Wehrlein,3
Magnussen,Palmer,7
Haryanto,Palmer,2
Grosjean,Palmer,11
Hulkenberg,Wehrlein,7
Verstappen,Wehrlein,7
Verstappen,Gutierrez,8
Alonso,Haryanto,3
Gutierrez,Wehrlein,4
Ericsson,Grosjean,3
Ericsson,Kvyat,3
Magnussen,Ricciardo,2
Massa,Wehrlein,9
Palmer,Gutierrez,2
Massa,Haryanto,4
Kvyat,Haryanto,2
Palmer,Haryanto,2
Wehrlein,Haryanto,3
Gutierrez,Magnussen,9
Massa,Palmer,3
Gutierrez,Nasr,3
Grosjean,Wehrlein,12
Palmer,Magnussen,2
Ericsson,Magnussen,5
Gutierrez,Raikkonen,1
Haryanto,Magnussen,1
Palmer,Ericsson,7
Haryanto,Ericsson,2
Sainz,Magnussen,15
Hamilton,Verstappen,7
Ericsson,Gutierrez,1
Raikkonen,Wehrlein,1
Alonso,Wehrlein,7
Nasr,Wehrlein,5
Alonso,Palmer,9
Nasr,Gutierrez,2
Nasr,Palmer,1
Nasr,Magnussen,2
Rosberg,Haryanto,1
Rosberg,Nasr,3
Palmer,Nasr,3
Wehrlein,Alonso,1
Sainz,Massa,3
Verstappen,Rosberg,2
Nasr,Bottas,2
Kvyat,Palmer,4
Wehrlein,Palmer,2
Wehrlein,Ericsson,9
Hamilton,Ocon,7
Raikkonen,Ocon,6
Nasr,Ocon,4
Verstappen,Ocon,13
Kvyat,Ocon,6
Gutierrez,Ocon,4
Button,Ocon,4
Wehrlein,Ocon,3
Sainz,Ocon,8
Ericsson,Ocon,5
Magnussen,Ocon,8
Vettel,Ocon,10
Gutierrez,Sainz,1
Verstappen,Raikkonen,12
Alonso,Ocon,7
Rosberg,Palmer,2
Rosberg,Wehrlein,1
Rosberg,Ocon,1
Grosjean,Ocon,5
Palmer,Button,1
Sainz,Kvyat,5
Palmer,Ocon,1
Ricciardo,Ocon,10
Alonso,Prez,1
Ocon,Wehrlein,6
Hulkenberg,Ocon,4
Verstappen,Prez,1
Bottas,Ocon,9
Palmer,Sainz,2
Massa,Ocon,1
Stroll,Ericsson,7
Giovinazzi,Vandoorne,1
Ocon,Kvyat,2
Ocon,Alonso,5
Ocon,Massa,4
Vandoorne,Palmer,2
Hulkenberg,Vandoorne,4
Perez,Ocon,5
Stroll,Wehrlein,4
Ocon,Ericsson,9
Palmer,Alonso,2
Ericsson,Stroll,4
Alonso,Stroll,8
Palmer,Stroll,1
Perez,Stroll,15
Perez,Vandoorne,8
Ocon,Stroll,9
Alonso,Vandoorne,6
Stroll,Palmer,3
Wehrlein,Grosjean,2
Magnussen,Vandoorne,3
Stroll,Vandoorne,5
Vettel,Vandoorne,6
Palmer,Wehrlein,4
Vettel,Stroll,12
Hulkenberg,Stroll,12
Stroll,Grosjean,10
Stroll,Alonso,3
Ocon,Raikkonen,4
Ericsson,Vandoorne,4
Ocon,Bottas,1
Ricciardo,Stroll,13
Ocon,Vandoorne,6
Ocon,Grosjean,7
Bottas,Vandoorne,4
Ocon,Sainz,6
Ocon,Magnussen,6
Bottas,Stroll,8
Stroll,Sainz,2
Magnussen,Sainz,5
Vandoorne,Sainz,3
Ricciardo,Vandoorne,4
Stroll,Kvyat,8
Magnussen,Stroll,4
Kvyat,Stroll,6
Stroll,Di Resta,1
Ocon,Palmer,2
Sainz,Stroll,12
Palmer,Kvyat,1
Palmer,Perez,1
Raikkonen,Vandoorne,2
Palmer,Bottas,1
Vandoorne,Stroll,10
Palmer,Ricciardo,1
Verstappen,Hamilton,8
Vandoorne,Massa,1
Gasly,Ericsson,4
Gasly,Wehrlein,2
Grosjean,Gasly,5
Raikkonen,Gasly,6
Hulkenberg,Gasly,6
Hartley,Wehrlein,1
Stroll,Hartley,3
Sainz,Vandoorne,3
Vandoorne,Hartley,3
Vandoorne,Magnussen,1
Hartley,Magnussen,1
Hartley,Ericsson,6
Vandoorne,Grosjean,6
Hartley,Grosjean,2
Vettel,Gasly,8
Vettel,Hartley,4
Gasly,Grosjean,12
Hamilton,Gasly,5
Hamilton,Vandoorne,2
Hamilton,Hartley,1
Hamilton,Stroll,1
Ricciardo,Hartley,4
Ricciardo,Gasly,12
Sainz,Gasly,10
Gasly,Stroll,12
Grosjean,Stroll,7
Magnussen,Hartley,3
Wehrlein,Magnussen,1
Leclerc,Stroll,13
Leclerc,Grosjean,9
Grosjean,Leclerc,5
Magnussen,Gasly,4
Gasly,Magnussen,14
Perez,Sirotkin,11
Magnussen,Leclerc,1
Magnussen,Sirotkin,3
Hulkenberg,Sirotkin,4
Hulkenberg,Leclerc,4
Alonso,Leclerc,5
Alonso,Sirotkin,8
Ocon,Perez,2
Vandoorne,Leclerc,3
Ocon,Leclerc,4
Vandoorne,Sirotkin,5
Ocon,Sirotkin,11
Perez,Leclerc,11
Sainz,Leclerc,8
Sainz,Sirotkin,9
Grosjean,Sirotkin,10
Leclerc,Sirotkin,3
Hartley,Stroll,5
Ericsson,Leclerc,2
Hartley,Leclerc,2
Leclerc,Hartley,6
Gasly,Hartley,4
Ocon,Gasly,6
Perez,Gasly,10
Stroll,Gasly,3
Grosjean,Hartley,5
Gasly,Hulkenberg,5
Stroll,Hulkenberg,2
Perez,Hartley,3
Leclerc,Gasly,11
Alonso,Hartley,4
Hulkenberg,Verstappen,1
Alonso,Gasly,3
Ericsson,Hartley,3
Raikkonen,Stroll,2
Raikkonen,Leclerc,4
Leclerc,Alonso,4
Leclerc,Sainz,4
Vandoorne,Gasly,4
Hartley,Gasly,3
Ericsson,Gasly,5
Sirotkin,Hartley,1
Verstappen,Stroll,4
Verstappen,Leclerc,8
Gasly,Perez,6
Gasly,Sirotkin,7
Vettel,Sirotkin,6
Bottas,Sirotkin,2
Bottas,Hartley,2
Vettel,Leclerc,10
Bottas,Leclerc,8
Sainz,Hartley,6
Vandoorne,Alonso,3
Ericsson,Sirotkin,8
Hartley,Sirotkin,5
Sirotkin,Ericsson,4
Leclerc,Ericsson,2
Hamilton,Sirotkin,1
Hamilton,Leclerc,7
Magnussen,Alonso,2
Stroll,Sirotkin,2
Ricciardo,Sirotkin,3
Gasly,Vandoorne,3
Ricciardo,Leclerc,8
Leclerc,Vandoorne,3
Stroll,Leclerc,4
Sirotkin,Leclerc,1
Gasly,Leclerc,7
Bottas,Gasly,2
Sirotkin,Vandoorne,2
Leclerc,Magnussen,11
Hartley,Alonso,1
Leclerc,Hulkenberg,5
Ocon,Hulkenberg,1
Hulkenberg,Hartley,1
Leclerc,Ocon,2
Gasly,Ocon,3
Ocon,Hartley,3
Sirotkin,Magnussen,1
Leclerc,Perez,6
Sirotkin,Alonso,1
Ocon,Verstappen,2
Gasly,Giovinazzi,6
Ricciardo,Kubica,5
Perez,Russell,6
Magnussen,Giovinazzi,4
Hulkenberg,Giovinazzi,6
Raikkonen,Giovinazzi,11
Norris,Giovinazzi,6
Grosjean,Giovinazzi,5
Perez,Albon,6
Perez,Giovinazzi,9
Kvyat,Gasly,6
Leclerc,Bottas,2
Norris,Albon,5
Kvyat,Giovinazzi,12
Russell,Kubica,11
Kubica,Russell,4
Leclerc,Vettel,4
Magnussen,Raikkonen,4
Norris,Gasly,6
Norris,Magnussen,5
Raikkonen,Russell,15
Gasly,Albon,8
Albon,Gasly,10
Norris,Russell,11
Verstappen,Giovinazzi,3
Norris,Perez,6
Leclerc,Ricciardo,5
Kvyat,Kubica,10
Albon,Magnussen,16
Norris,Raikkonen,5
Sainz,Kubica,7
Giovinazzi,Magnussen,12
Albon,Kvyat,7
Albon,Raikkonen,6
Raikkonen,Albon,4
Stroll,Russell,9
Albon,Giovinazzi,13
Vettel,Norris,5
Norris,Ricciardo,7
Sainz,Russell,3
Gasly,Ricciardo,7
Kvyat,Russell,11
Albon,Kubica,5
Albon,Russell,10
Grosjean,Kubica,8
Magnussen,Kubica,7
Giovinazzi,Kubica,6
Grosjean,Russell,7
Magnussen,Russell,11
Giovinazzi,Russell,12
Gasly,Raikkonen,11
Stroll,Giovinazzi,7
Stroll,Magnussen,14
Kvyat,Norris,3
Norris,Kubica,4
Sainz,Giovinazzi,3
Stroll,Ricciardo,7
Gasly,Russell,7
Leclerc,Kvyat,4
Leclerc,Norris,6
Sainz,Norris,4
Leclerc,Verstappen,7
Grosjean,Albon,1
Giovinazzi,Hulkenberg,2
Norris,Grosjean,9
Ricciardo,Russell,6
Hulkenberg,Russell,4
Stroll,Raikkonen,5
Giovinazzi,Grosjean,10
Albon,Grosjean,10
Albon,Hulkenberg,6
Hulkenberg,Norris,3
Vettel,Albon,6
Magnussen,Norris,1
Verstappen,Norris,6
Stroll,Perez,1
Ricciardo,Giovinazzi,9
Norris,Kvyat,5
Giovinazzi,Albon,3
Kvyat,Albon,4
Russell,Kvyat,1
Magnussen,Albon,2
Gasly,Vettel,7
Ricciardo,Norris,4
Stroll,Kubica,7
Ricciardo,Albon,1
Hulkenberg,Albon,2
Giovinazzi,Ricciardo,2
Raikkonen,Norris,2
Vettel,Russell,7
Albon,Norris,10
Albon,Stroll,6
Gasly,Kubica,5
Gasly,Kvyat,4
Hamilton,Albon,5
Albon,Hamilton,3
Sainz,Albon,5
Vettel,Giovinazzi,5
Verstappen,Russell,3
Hamilton,Russell,2
Bottas,Kubica,1
Bottas,Giovinazzi,4
Bottas,Russell,4
Bottas,Albon,2
Bottas,Norris,2
Albon,Perez,8
Albon,Ricciardo,7
Giovinazzi,Gasly,2
Albon,Sainz,7
Perez,Kubica,2
Verstappen,Kubica,2
Verstappen,Gasly,4
Leclerc,Giovinazzi,6
Hamilton,Giovinazzi,1
Giovinazzi,Kvyat,3
Giovinazzi,Raikkonen,2
Kubica,Magnussen,1
Perez,Norris,6
Leclerc,Kubica,1
Leclerc,Russell,3
Leclerc,Raikkonen,6
Gasly,Norris,3
Stroll,Norris,3
Kubica,Sainz,1
Gasly,Sainz,2
Norris,Hulkenberg,1
Norris,Sainz,1
Albon,Vettel,7
Giovinazzi,Stroll,1
Hamilton,Norris,1
Ocon,Giovinazzi,3
Giovinazzi,Latifi,2
Giovinazzi,Vettel,1
Albon,Latifi,5
Grosjean,Latifi,2
Raikkonen,Latifi,8
Russell,Latifi,3
Gasly,Latifi,2
Norris,Stroll,3
Ocon,Russell,3
Ocon,Norris,1
Ocon,Hamilton,1
Albon,Leclerc,4
Russell,Ocon,2
Norris,Ocon,1
Ocon,Vettel,3
Russell,Raikkonen,6
Latifi,Raikkonen,3
Sainz,Latifi,2
Vettel,Latifi,6
Latifi,Magnussen,8
Albon,Ocon,3
Russell,Grosjean,3
Kvyat,Latifi,2
Stroll,Vettel,2
Sainz,Vettel,2
Russell,Magnussen,4
Norris,Leclerc,2
Kvyat,Leclerc,2
Perez,Latifi,5
Ocon,Albon,3
Stroll,Verstappen,1
Norris,Latifi,3
Bottas,Latifi,2
Russell,Perez,1
Hamilton,Latifi,1
Russell,Norris,2
Russell,Vettel,2
Hulkenberg,Latifi,1
Stroll,Albon,1
Latifi,Vettel,1
Magnussen,Latifi,3
Russell,Giovinazzi,4
Ocon,Latifi,2
Russell,Bottas,2
Russell,Gasly,2
Leclerc,Albon,1
Gasly,Bottas,1
Verstappen,Albon,1
Ricciardo,Latifi,1
Norris,Bottas,1
Ocon,Ricciardo,1
Perez,Fittipaldi,2
Norris,Vettel,1
Perez,Aitken,1
Raikkonen,Fittipaldi,1
Raikkonen,Aitken,1
Aitken,Raikkonen,1
Norris,Fittipaldi,1
Norris,Aitken,1
Russell,Stroll,1
Albon,Bottas,1
Aitken,Fittipaldi,1
Leclerc,Fittipaldi,1
Leclerc,Latifi,1
Fittipaldi,Magnussen,1
Giovinazzi,Fittipaldi,1
